Rk,Player,age,WS,salary,projSalary,playerTeam
1,Precious Achiuwa,22,2.5,45780966.00,48070014.00,Toronto Raptors
2,Steven Adams,28,6.8,44310840.00,47366760.00,Memphis Grizzlies
3,Bam Adebayo,24,7.2,44211146.00,47063478.00,Miami Heat
4,Santi Aldama,21,0.3,43848000.00,46872000.00,Memphis Grizzlies
5,LaMarcus Aldridge,36,3.1,41180544.00,44474988.00,Brooklyn Nets
6,Nickeil Alexander-Walker,23,0.1,40918900.00,44119845.00,TOT
7,Grayson Allen,26,4.2,39344970.00,42492568.00,Milwaukee Bucks
8,Jarrett Allen,23,8.5,39344970.00,42492568.00,Cleveland Cavaliers
9,Jose Alvarado,23,2.1,39344900.00,42492492.00,New Orleans Pelicans
10,Justin Anderson,28,0.4,39344900.00,42492492.00,TOT
11,Kyle Anderson,28,3.5,37980720.00,40600080.00,Memphis Grizzlies
12,Giannis Antetokounmpo,27,12.9,36016200.00,37653300.00,Milwaukee Bucks
13,Thanasis Antetokounmpo,29,0.9,36000000.00,38482759.00,Milwaukee Bucks
14,Carmelo Anthony,37,3.6,35500000.00,37948276.00,Los Angeles Lakers
15,Cole Anthony,21,1.6,35361360.00,37980720.00,Orlando Magic
16,OG Anunoby,24,3.7,35344828.00,38172414.00,Toronto Raptors
17,Ryan Arcidiacono,27,0.1,34916200.00,36503300.00,New York Knicks
18,Trevor Ariza,36,0.2,34502130.00,37262300.00,Los Angeles Lakers
19,D.J. Augustin,34,0.8,31650600.00,33833400.00,TOT
20,Deni Avdija,21,2.4,31610000.00,33790000.00,Washington Wizards
21,Joel Ayayi,21,0,31610000.00,33790000.00,Washington Wizards
22,Deandre Ayton,23,7.3,31590000.00,33930000.00,Phoenix Suns
23,Udoka Azubuike,22,0.6,31590000.00,33930000.00,Utah Jazz
24,Marvin Bagley III,22,2,31579390.00,33616770.00,TOT
25,LaMelo Ball,20,5.8,31579390.00,33616770.00,Charlotte Hornets
26,Lonzo Ball,24,2.2,31320000.00,33640000.00,Chicago Bulls
27,Mo Bamba,23,4.5,31300000.00,28900000.00,Orlando Magic
28,Desmond Bane,23,7.2,30864198.00,33333333.00,Memphis Grizzlies
29,Dalano Banton,22,0.4,30800000.00,28400000.00,Toronto Raptors
30,Cat Barber,27,-0.1,30510423.00,32478837.00,Atlanta Hawks
31,Harrison Barnes,29,6,30133333.00,32393333.00,Sacramento Kings
32,Scottie Barnes,20,6.6,30013500.00,31377750.00,Toronto Raptors
33,RJ Barrett,21,2.3,29900000.00,30100000.00,New York Knicks
34,Will Barton,31,3.2,32405817.00,,Denver Nuggets
35,Paris Bass,26,0,29467800.00,31650600.00,Phoenix Suns
36,Charles Bassey,21,0.8,28103550.00,30351834.00,Philadelphia 76ers
37,Keita Bates-Diop,26,1.6,28103550.00,30351834.00,San Antonio Spurs
38,Nicolas Batum,33,3.7,28103550.00,30351834.00,Los Angeles Clippers
39,Kent Bazemore,32,0.1,28103550.00,30351834.00,Los Angeles Lakers
40,Darius Bazley,21,1.8,27000000.00,26500000.00,Oklahoma City Thunder
41,Bradley Beal,28,1.4,26984128.00,28333334.00,Washington Wizards
42,Malik Beasley,25,2.9,34967442.00,36596549.00,Minnesota Timberwolves
43,Jordan Bell,27,0,26000000.00,27300000.00,Chicago Bulls
44,DeAndre' Bembry,27,2.2,24830357.00,26669643.00,TOT
45,Dāvis Bertāns,29,0.9,24026712.00,25806469.00,TOT
46,Patrick Beverley,33,4.1,24000000.00,22000000.00,Minnesota Timberwolves
47,Saddiq Bey,22,4,23000000.00,23500000.00,Detroit Pistons
48,Khem Birch,29,2.6,22477273.00,20522727.00,Toronto Raptors
49,Goga Bitadze,22,1.9,21700000.00,22600000.00,Indiana Pacers
50,Bismack Biyombo,29,1.8,21306816.00,19602273.00,Phoenix Suns
51,Nemanja Bjelica,33,3,21000000.00,22680000.00,Golden State Warriors
52,Eric Bledsoe,32,1.3,20482143.00,,Los Angeles Clippers
53,Keljin Blevins,26,-0.5,20475000.00,21450000.00,Portland Trail Blazers
54,Bogdan Bogdanović,29,3.7,20284091.00,18352273.00,Atlanta Hawks
55,Bojan Bogdanović,32,5.2,20000000.00,20000000.00,Utah Jazz
56,Bol Bol,22,0.1,20000000.00,20952381.00,Denver Nuggets
57,Leandro Bolmaro,21,0,19800000.00,23760000.00,Minnesota Timberwolves
58,Isaac Bonga,22,0.1,19675926.00,21250000.00,Toronto Raptors
59,Devin Booker,25,7.6,19500000.00,,Phoenix Suns
60,Brandon Boston Jr.,20,0.4,20168742.00,,Los Angeles Clippers
61,Chris Boucher,29,6,18700000.00,19550000.00,Toronto Raptors
62,James Bouknight,21,0,18604651.00,19534884.00,Charlotte Hornets
63,Avery Bradley,31,1.2,18562500.00,19937500.00,Los Angeles Lakers
64,Tony Bradley,24,1.3,18218818.00,19568360.00,Chicago Bulls
65,Ignas Brazdeikis,23,0.5,18139535.00,19046512.00,Orlando Magic
66,Mikal Bridges,25,8.9,18125000.00,19375000.00,Phoenix Suns
67,Miles Bridges,23,7.2,18000000.00,18000000.00,Charlotte Hornets
68,Oshae Brissett,23,2.2,18000000.00,18000000.00,Indiana Pacers
69,Malcolm Brogdon,29,2.7,17905263.00,21486316.00,Indiana Pacers
70,Armoni Brooks,23,0.2,17809524.00,,TOT
71,Dillon Brooks,26,1.6,17500000.00,18796296.00,Memphis Grizzlies
72,Bruce Brown,25,4.8,17400000.00,17400000.00,Brooklyn Nets
73,Charlie Brown Jr.,24,0,17357143.00,18642857.00,TOT
74,Chaundee Brown Jr.,23,0,17142857.00,18000000.00,TOT
75,Greg Brown III,20,0.4,17103448.00,18206897.00,Portland Trail Blazers
76,Jaylen Brown,25,5.8,17073171.00,17926829.00,Boston Celtics
77,Moses Brown,22,1.2,16500000.00,16500000.00,TOT
78,Sterling Brown,26,0.8,16409091.00,19690909.00,Dallas Mavericks
79,Troy Brown Jr.,22,1.4,16071429.00,17357143.00,Chicago Bulls
80,Jalen Brunson,25,7.5,16000000.00,16000000.00,Dallas Mavericks
81,Thomas Bryant,24,1.1,16000000.00,17280000.00,Washington Wizards
82,Shaq Buchanan,25,0,15690909.00,16475454.00,Memphis Grizzlies
83,Reggie Bullock,30,3.2,15627907.00,16372093.00,Dallas Mavericks
84,Trey Burke,29,0,15560000.00,16902000.00,Dallas Mavericks
85,Alec Burks,30,6.1,15517242.00,16758621.00,New York Knicks
86,Jared Butler,21,0.4,15428571.00,16571429.00,Utah Jazz
87,Jimmy Butler,32,9.2,15384615.00,16615385.00,Miami Heat
88,Devontae Cacok,25,0.5,15178571.00,16392857.00,San Antonio Spurs
89,Kentavious Caldwell-Pope,28,2.8,15057692.00,,Washington Wizards
90,Facundo Campazzo,30,2,14391964.00,15458035.00,Denver Nuggets
91,Vlatko Čančar,24,0.4,14339285.00,16607142.00,Denver Nuggets
92,Devin Cannady,25,0.1,14320988.00,13000000.00,Orlando Magic
93,Clint Capela,27,8.3,14190000.00,,Atlanta Hawks
94,Vernon Carey Jr.,20,0.1,14000000.00,14700000.00,TOT
95,Jevon Carter,26,1.2,14000000.00,,TOT
96,Wendell Carter Jr.,22,5,13750000.00,13750000.00,Orlando Magic
97,Alex Caruso,27,2,13666667.00,14317459.00,Chicago Bulls
98,Willie Cauley-Stein,28,0.2,13445120.00,14520730.00,TOT
99,Ahmad Caver,25,0,13302325.00,13906976.00,Indiana Pacers
100,Justin Champagnie,20,0.8,13038862.00,14004703.00,Toronto Raptors
101,Zylan Cheatham,26,-0.1,13000000.00,13000000.00,Utah Jazz
102,Chris Chiozza,26,0,12975471.00,,Golden State Warriors
103,Marquese Chriss,24,0.8,12727273.00,13745455.00,Dallas Mavericks
104,Josh Christopher,20,0.3,12690000.00,,Houston Rockets
105,Gary Clark,27,0.7,12632950.00,,New Orleans Pelicans
106,Brandon Clarke,25,6.3,12500000.00,11500000.00,Memphis Grizzlies
107,Jordan Clarkson,29,3.5,12420000.00,13340000.00,Utah Jazz
108,Nic Claxton,22,3.5,12200000.00,11400000.00,Brooklyn Nets
109,Amir Coffey,24,3.8,12195122.00,12804878.00,Los Angeles Clippers
110,John Collins,24,5.1,12000000.00,12600000.00,Atlanta Hawks
111,Zach Collins,24,1.2,12000000.00,12960000.00,San Antonio Spurs
112,Darren Collison,34,-0.1,12000000.00,,Los Angeles Lakers
113,Mike Conley,34,6.7,11615328.00,12196094.00,Utah Jazz
114,Pat Connaughton,29,4.4,11312114.00,,Milwaukee Bucks
115,Tyler Cook,24,0.5,11000000.00,11550000.00,Chicago Bulls
116,Sharife Cooper,20,-0.2,11000000.00,11814815.00,Atlanta Hawks
117,Petr Cornelie,26,0,10733400.00,13534817.00,Denver Nuggets
118,DeMarcus Cousins,31,1.6,10690909.00,9672727.00,TOT
119,Robert Covington,31,3.2,10500000.00,,TOT
120,Torrey Craig,31,2.3,10384500.00,11215260.00,TOT
121,Jae Crowder,31,4.3,10384500.00,11215260.00,Phoenix Suns
122,Jarrett Culver,22,0.1,10245480.00,10733400.00,Memphis Grizzlies
123,Jarron Cumberland,24,0,10174391.00,35700000.00,Portland Trail Blazers
124,Cade Cunningham,20,-0.5,10050120.00,10552800.00,Detroit Pistons
125,Seth Curry,31,4.2,10468119.00,,TOT
126,Stephen Curry,33,8,10000000.00,10000000.00,Golden State Warriors
127,Anthony Davis,28,4.5,9937150.00,,Los Angeles Lakers
128,Ed Davis,32,0.5,9742000.00,,Cleveland Cavaliers
129,Terence Davis,24,0.5,9720900.00,10183800.00,Sacramento Kings
130,Gabriel Deck,26,0.1,9720900.00,10183800.00,Oklahoma City Thunder
131,Dewayne Dedmon,32,3.5,10720900.00,,Miami Heat
132,Sam Dekker,27,0,9720900.00,,Toronto Raptors
133,Javin DeLaurier,23,0,9720900.00,,Milwaukee Bucks
134,DeMar DeRozan,32,8.8,9603360.00,12119440.00,Chicago Bulls
135,Mamadi Diakite,25,0.3,9536000.00,10012800.00,Oklahoma City Thunder
136,Cheick Diallo,25,0.1,9536000.00,10012800.00,Detroit Pistons
137,Hamidou Diallo,23,2.1,9500000.00,10260000.00,Detroit Pistons
138,Gorgui Dieng,32,1.2,9180560.00,23437500.00,Atlanta Hawks
139,Spencer Dinwiddie,28,4.1,9166800.00,9603360.00,TOT
140,Donte DiVincenzo,25,0.7,12213507.00,12372008.00,TOT
141,Luka Dončić,22,7.6,9000000.00,9666667.00,Dallas Mavericks
142,Luguentz Dort,22,1.4,8992200.00,9441720.00,Oklahoma City Thunder
143,Ayo Dosunmu,22,3,8800000.00,9240000.00,Chicago Bulls
144,Damyean Dotson,27,0,8750000.00,9398148.00,New York Knicks
145,Devon Dotson,22,0.1,8750000.00,9000000.00,Chicago Bulls
146,Sekou Doumbouya,21,0.1,8730159.00,,Los Angeles Lakers
147,Jeff Dowtin,24,0,34967442.00,36596549.00,TOT
148,PJ Dozier,25,0.3,8678571.00,9321429.00,Denver Nuggets
149,Goran Dragić,35,0.4,8623920.00,10900635.00,TOT
150,Andre Drummond,28,5.1,8604651.00,9034884.00,TOT
151,Chris Duarte,24,0.9,8526316.00,,Indiana Pacers
152,David Duke Jr.,22,0.3,8437500.00,9062500.00,Brooklyn Nets
153,Kris Dunn,27,0.2,8372093.00,8790698.00,Portland Trail Blazers
154,Kevin Durant,33,8.4,8333333.00,9000000.00,Brooklyn Nets
155,Jaime Echenique,24,0,8326471.00,29750000.00,Washington Wizards
156,Anthony Edwards,20,4.3,8292683.00,8707317.00,Minnesota Timberwolves
157,Carsen Edwards,23,-0.1,8231760.00,8623920.00,Detroit Pistons
158,Kessler Edwards,21,0.6,8186047.00,8558140.00,Brooklyn Nets
159,Rob Edwards,25,0,8137500.00,8525000.00,Oklahoma City Thunder
160,CJ Elleby,21,0.4,8075160.00,8478720.00,Portland Trail Blazers
161,Wayne Ellington,34,1,8050000.00,7350000.00,Los Angeles Lakers
162,Joel Embiid,27,12,11109327.00,7827907.00,Philadelphia 76ers
163,James Ennis III,31,0.1,7775400.00,9835881.00,TOT
164,Drew Eubanks,24,3.4,7568742.00,,TOT
165,Tacko Fall,26,0.1,7522200.00,,Cleveland Cavaliers
166,Derrick Favors,30,1.4,7518518.00,7518518.00,Oklahoma City Thunder
167,Bruno Fernando,23,0.4,7500000.00,8100000.00,TOT
168,Dorian Finney-Smith,28,6.6,7422000.00,7775400.00,Dallas Mavericks
169,Malik Fitts,24,0.1,7280520.00,7644720.00,TOT
170,Malachi Flynn,23,1,7040880.00,8920795.00,Toronto Raptors
171,Bryn Forbes,28,1.4,7009615.00,,TOT
172,Aleem Ford,24,-0.2,7622467.00,333333.00,Orlando Magic
173,Trent Forrest,23,1.3,7000000.00,7350000.00,Utah Jazz
174,Evan Fournier,29,3.7,6984127.00,7333333.00,New York Knicks
175,De'Aaron Fox,24,2.5,6920027.00,14150000.00,Sacramento Kings
176,Melvin Frazier,25,-0.4,6720720.00,7040880.00,Oklahoma City Thunder
177,Tim Frazier,31,-0.2,6593040.00,6922440.00,TOT
178,Enes Freedom,29,1.4,6500000.00,6000000.00,Boston Celtics
179,Markelle Fultz,23,0.4,6431666.00,,Orlando Magic
180,Wenyen Gabriel,24,0.7,6395160.00,8109063.00,TOT
181,Daniel Gafford,23,6,6350000.00,6667750.00,Washington Wizards
182,Danilo Gallinari,33,3.6,6349671.00,,Atlanta Hawks
183,Langston Galloway,30,-0.2,6175440.00,6632880.00,TOT
184,Darius Garland,22,6.3,6104280.00,6395160.00,Cleveland Cavaliers
185,Marcus Garrett,23,0.1,6006420.00,6292440.00,Miami Heat
186,Usman Garuba,19,0.5,5988000.00,6287400.00,Houston Rockets
187,Luka Garza,23,0.8,5890000.00,6184500.00,Detroit Pistons
188,Rudy Gay,35,2.1,5890000.00,,Utah Jazz
189,Paul George,31,1.3,5890000.00,6184500.00,Los Angeles Clippers
190,Taj Gibson,36,2.7,5845978.00,,New York Knicks
191,Josh Giddey,19,0.4,5837760.00,7413955.00,Oklahoma City Thunder
192,Shai Gilgeous-Alexander,23,4.6,5573334.00,,Oklahoma City Thunder
193,Anthony Gill,29,1.4,5572680.00,5837760.00,Washington Wizards
194,Freddie Gillespie,24,0.1,5557725.00,20089286.00,Orlando Magic
195,Rudy Gobert,29,11.7,5495532.00,29750000.00,Utah Jazz
196,Brandon Goodwin,26,0.7,5466360.00,5739960.00,Cleveland Cavaliers
197,Jordan Goodwin,23,-0.1,5421493.00,,Washington Wizards
198,Aaron Gordon,26,5.2,5348280.00,6803012.00,Denver Nuggets
199,Eric Gordon,33,1.4,5333333.00,5728395.00,Houston Rockets
200,Devonte' Graham,26,2.8,5258735.00,29750000.00,New Orleans Pelicans
201,Jerami Grant,27,2.3,5214584.00,,Detroit Pistons
202,Hassani Gravett,25,0.3,5200000.00,5200000.00,Orlando Magic
203,Danny Green,34,1.9,5178572.00,,Philadelphia 76ers
204,Draymond Green,31,3.6,5170564.00,,Golden State Warriors
205,Jalen Green,19,0.7,5105160.00,5348280.00,Houston Rockets
206,JaMychal Green,31,2.7,5007840.00,5258280.00,Denver Nuggets
207,Javonte Green,28,4.4,5005350.00,,Chicago Bulls
208,Jeff Green,35,3.9,5000000.00,,Denver Nuggets
209,Josh Green,21,2.4,5000000.00,,Dallas Mavericks
210,Blake Griffin,32,2.1,5000000.00,5250000.00,Brooklyn Nets
211,Quentin Grimes,21,1.4,5000000.00,,New York Knicks
212,Kyle Guy,24,0.1,4990000.00,,Miami Heat
213,Rui Hachimura,23,1.4,4916160.00,6263188.00,Washington Wizards
214,Tyrese Haliburton,21,7,4910000.00,5155500.00,TOT
215,Tyler Hall,24,0,7310000.00,5155000.00,New York Knicks
216,R.J. Hampton,20,-0.2,4910000.00,5155500.00,Orlando Magic
217,Tim Hardaway Jr.,29,2,4878049.00,5121951.00,Dallas Mavericks
218,James Harden,32,7.6,2641691.00,,TOT
219,Maurice Harkless,28,0.5,4736102.00,,Sacramento Kings
220,Jared Harper,24,0.4,4692840.00,4916160.00,New Orleans Pelicans
221,Montrezl Harrell,28,7.3,4675830.00,,TOT
222,Gary Harris,27,2.2,4670160.00,5954454.00,Orlando Magic
223,Joe Harris,30,0.5,4650000.00,5022000.00,Brooklyn Nets
224,Tobias Harris,29,5.6,4629630.00,5000000.00,Philadelphia 76ers
225,Shaquille Harrison,28,0,4603320.00,4833600.00,Brooklyn Nets
226,Josh Hart,26,4.4,4500000.00,4725000.00,TOT
227,Isaiah Hartenstein,23,5.5,4500000.00,4500000.00,Los Angeles Clippers
228,Udonis Haslem,41,0.1,4458000.00,4670160.00,Miami Heat
229,Sam Hauser,24,0.6,4447896.00,,Boston Celtics
230,Jaxson Hayes,21,5.1,4437000.00,5887899.00,New Orleans Pelicans
231,Killian Hayes,20,0.5,4373160.00,4591920.00,Detroit Pistons
232,Gordon Hayward,31,2.8,4347600.00,4564980.00,Charlotte Hornets
233,Aaron Henry,22,-0.1,4347600.00,4564980.00,Philadelphia 76ers
234,Juancho Hernangómez,26,0.9,4259259.00,4600000.00,TOT
235,Willy Hernangómez,27,3.2,4253357.00,14508929.00,New Orleans Pelicans
236,Tyler Herro,22,3.8,4235160.00,4437000.00,Miami Heat
237,Buddy Hield,29,1.9,4215120.00,5808435.00,TOT
238,Haywood Highsmith,25,0.1,4154400.00,4362240.00,Miami Heat
239,George Hill,35,2.3,4087904.00,,Milwaukee Bucks
240,Malcolm Hill,26,0.6,4054695.00,9615385.00,TOT
241,Solomon Hill,30,0,4023600.00,4215120.00,Atlanta Hawks
242,Nate Hinton,22,-0.1,4004280.00,5722116.00,Indiana Pacers
243,Jaylen Hoard,22,0.6,4000000.00,12402000.00,Oklahoma City Thunder
244,Aaron Holiday,25,1.5,4000000.00,4000000.00,TOT
245,Jrue Holiday,31,6.9,4000000.00,4000000.00,Milwaukee Bucks
246,Justin Holiday,32,1.4,4000000.00,,TOT
247,Richaun Holmes,28,3.2,3980551.00,,Sacramento Kings
248,Rodney Hood,29,0.7,3946800.00,4144320.00,TOT
249,Scotty Hopson,32,0,3940184.00,,Oklahoma City Thunder
250,Al Horford,35,7.6,3938818.00,,Boston Celtics
251,Talen Horton-Tucker,21,1.1,3902439.00,4097561.00,Los Angeles Lakers
252,Danuel House Jr.,28,1,3822240.00,4004280.00,TOT
253,Dwight Howard,36,3.5,3804360.00,5634257.00,Los Angeles Lakers
254,Markus Howard,22,0.3,3804150.00,,Denver Nuggets
255,Kevin Huerter,23,2.8,3768342.00,9598214.00,Atlanta Hawks
256,Jay Huff,23,0,3749520.00,3936960.00,Los Angeles Lakers
257,Elijah Hughes,23,-0.4,3731707.00,3918293.00,TOT
258,Feron Hunt,22,0,3661976.00,10700000.00,New York Knicks
259,De'Andre Hunter,24,1.1,4107149.00,3925000.00,Atlanta Hawks
260,Chandler Hutchison,25,0,3631200.00,3804360.00,Phoenix Suns
261,Bones Hyland,21,2.4,3562080.00,3740160.00,Denver Nuggets
262,Serge Ibaka,32,2,3500000.00,3500000.00,TOT
263,Andre Iguodala,38,1.6,3500000.00,3500000.00,Golden State Warriors
264,Joe Ingles,34,2.2,3449400.00,3613680.00,Utah Jazz
265,Brandon Ingram,24,3.9,3383640.00,3552960.00,New Orleans Pelicans
266,Kyrie Irving,29,3.3,3333333.00,3492063.00,Brooklyn Nets
267,Wes Iwundu,27,0.1,3300000.00,3465000.00,Atlanta Hawks
268,Frank Jackson,23,0.7,3277080.00,3433320.00,Detroit Pistons
269,Isaiah Jackson,20,1.4,3277080.00,3433320.00,Indiana Pacers
270,Jaren Jackson Jr.,22,5.4,3261480.00,5009633.00,Memphis Grizzlies
271,Josh Jackson,24,0,3214680.00,3375480.00,TOT
272,Justin Jackson,26,0,12213507.00,12372008.00,TOT
273,Reggie Jackson,31,0.4,3169347.00,,Los Angeles Clippers
274,LeBron James,37,7.5,3113160.00,3261480.00,Los Angeles Lakers
275,DeJon Jarreau,24,0,3098400.00,4765339.00,Indiana Pacers
276,DaQuan Jeffries,24,0,3053760.00,3206640.00,Memphis Grizzlies
277,Ty Jerome,24,0.5,3000000.00,3000000.00,Oklahoma City Thunder
278,Isaiah Joe,22,0.4,3000000.00,,Philadelphia 76ers
279,Alize Johnson,25,0.1,3000000.00,3150000.00,TOT
280,B.J. Johnson,26,0.1,2957520.00,3098400.00,Orlando Magic
281,Cameron Johnson,25,5.6,2901240.00,3046200.00,Phoenix Suns
282,David Johnson,20,0,5256308.00,2866667.00,Toronto Raptors
283,Jalen Johnson,20,0,2844429.00,2844429.00,Atlanta Hawks
284,James Johnson,34,1.7,2840160.00,4379527.00,Brooklyn Nets
285,Joe Johnson,40,0,2824320.00,2959080.00,Boston Celtics
286,Keldon Johnson,22,4.9,2770560.00,2909160.00,San Antonio Spurs
287,Keon Johnson,19,-0.5,2726880.00,4343920.00,TOT
288,Stanley Johnson,25,1.8,2711280.00,2840160.00,Los Angeles Lakers
289,Tyler Johnson,29,0.1,2659560.00,2792520.00,TOT
290,Nikola Jokić,26,15.2,2641691.00,,Denver Nuggets
291,Carlik Jones,24,-0.1,2641691.00,,TOT
292,Damian Jones,26,3.3,2641691.00,,Sacramento Kings
293,Derrick Jones Jr.,24,2.2,2641691.00,,Chicago Bulls
294,Herbert Jones,23,4.6,2641691.00,,New Orleans Pelicans
295,Jemerrio Jones,26,0.1,11109327.00,7827907.00,Los Angeles Lakers
296,Kai Jones,21,0,2641691.00,,Charlotte Hornets
297,Mason Jones,23,0.2,2641691.00,,Los Angeles Lakers
298,Tre Jones,22,2.9,2641691.00,,San Antonio Spurs
299,Tyus Jones,25,5.1,2641691.00,,Memphis Grizzlies
300,DeAndre Jordan,33,1.9,2641691.00,,TOT
301,Cory Joseph,30,2.5,2641691.00,,Detroit Pistons
302,Georgios Kalaitzakis,23,-0.1,2641691.00,,TOT
303,Frank Kaminsky,28,0.9,32405817.00,,Phoenix Suns
304,Luke Kennard,25,4.5,2641691.00,,Los Angeles Clippers
305,Braxton Key,24,0.2,2641691.00,,TOT
306,George King,28,-0.1,2641691.00,,Dallas Mavericks
307,Louis King,22,0,2617800.00,4306281.00,Sacramento Kings
308,Corey Kispert,22,2.3,2602920.00,2726880.00,Washington Wizards
309,Maxi Kleber,30,3,2553120.00,2681040.00,Dallas Mavericks
310,Brandon Knight,30,0.1,2513040.00,4264629.00,Dallas Mavericks
311,Nathan Knight,24,1,2500000.00,2625000.00,Minnesota Timberwolves
312,Kevin Knox,22,0.2,2498760.00,2617800.00,TOT
313,John Konchar,25,4.2,2451120.00,2573760.00,Memphis Grizzlies
314,Furkan Korkmaz,24,1.2,2412840.00,4220057.00,Philadelphia 76ers
315,Luke Kornet,26,0.4,2401537.00,,TOT
316,Vit Krejci,21,0.6,2401537.00,,Oklahoma City Thunder
317,Arnoldas Kulboka,24,0,2401537.00,,Charlotte Hornets
318,Jonathan Kuminga,19,3,2401537.00,,Golden State Warriors
319,Kyle Kuzma,26,2,7310000.00,5155000.00,Washington Wizards
320,Anthony Lamb,24,0,2389641.00,,San Antonio Spurs
321,Jeremy Lamb,29,1.2,2389641.00,,TOT
322,Jock Landale,26,1.5,2389641.00,,San Antonio Spurs
323,Romeo Langford,22,1.3,2389641.00,,TOT
324,Zach LaVine,26,5.8,2389641.00,,Chicago Bulls
325,Jake Layman,27,0.1,5256308.00,2866667.00,Minnesota Timberwolves
326,Damion Lee,29,2.7,2389641.00,,Golden State Warriors
327,Saben Lee,22,0.9,2353320.00,2471160.00,Detroit Pistons
328,Alex Len,28,0.9,2353320.00,2471160.00,Sacramento Kings
329,Caris LeVert,27,2.2,2327220.00,2443581.00,TOT
330,Kira Lewis Jr.,20,-0.1,2316240.00,4171548.00,New Orleans Pelicans
331,Scottie Lewis,21,0,2303040.00,2412840.00,Charlotte Hornets
332,Damian Lillard,31,1.7,2259240.00,2372160.00,Portland Trail Blazers
333,Nassir Little,21,1.7,2245400.00,,Portland Trail Blazers
334,Isaiah Livers,23,0.7,2239544.00,,Detroit Pistons
335,Kevon Looney,25,6.8,2239544.00,,Golden State Warriors
336,Brook Lopez,33,0.7,2239200.00,4037278.00,Milwaukee Bucks
337,Robin Lopez,33,0.8,2210640.00,2316240.00,Orlando Magic
338,Didi Louzada,22,0,2197674.00,2302326.00,TOT
339,Kevin Love,33,5.7,2168760.00,2277000.00,Cleveland Cavaliers
340,Kyle Lowry,35,6.4,2161440.00,3901399.00,Miami Heat
341,Gabriel Lundberg,27,0,2161152.00,,Phoenix Suns
342,Timothé Luwawu-Cabarrot,26,0.9,2145720.00,3873025.00,Atlanta Hawks
343,Trey Lyles,26,3.5,2137440.00,2239200.00,TOT
344,Théo Maledon,20,0.3,2130240.00,3845083.00,Oklahoma City Thunder
345,Sandro Mamukelashvili,22,1.1,2096880.00,2201400.00,Milwaukee Bucks
346,Terance Mann,25,5.5,2089448.00,,Los Angeles Clippers
347,Tre Mann,20,0.1,2089448.00,,Oklahoma City Thunder
348,Boban Marjanović,33,0.1,2089448.00,,Dallas Mavericks
349,Lauri Markkanen,24,5,2075880.00,2174880.00,Cleveland Cavaliers
350,Naji Marshall,24,0.8,2063280.00,2161440.00,New Orleans Pelicans
351,Caleb Martin,26,4,2048040.00,2145720.00,Miami Heat
352,Cody Martin,26,3.9,2036280.00,2138160.00,Charlotte Hornets
353,Kelan Martin,26,0,2033160.00,2130240.00,TOT
354,Kenyon Martin Jr.,21,2.9,2023800.00,2125200.00,Houston Rockets
355,Garrison Mathews,25,2.8,2009040.00,2109360.00,Houston Rockets
356,Dakota Mathias,26,0,2000000.00,2000000.00,Memphis Grizzlies
357,Wesley Matthews,35,1.2,2000000.00,2000000.00,Milwaukee Bucks
358,Tyrese Maxey,21,7.3,2000000.00,,Philadelphia 76ers
359,Skylar Mays,24,0.3,2000000.00,1900000.00,Atlanta Hawks
360,Miles McBride,21,0.2,2000000.00,2000000.00,New York Knicks
361,Mac McClung,23,0,1994520.00,2094240.00,TOT
362,CJ McCollum,30,3.6,1977011.00,,TOT
363,T.J. McConnell,29,1.3,1958501.00,,Indiana Pacers
364,Jaden McDaniels,21,2.4,1939350.00,,Minnesota Timberwolves
365,Jalen McDaniels,24,1.7,2541217.00,,Charlotte Hornets
366,Doug McDermott,30,1.6,1939350.00,,San Antonio Spurs
367,JaVale McGee,34,4.9,1939350.00,,Phoenix Suns
368,Cameron McGriff,24,0.1,1910860.00,,Portland Trail Blazers
369,Rodney McGruder,30,1.2,1910860.00,,Detroit Pistons
370,Alfonzo McKinnie,29,-0.1,1865547.00,,Chicago Bulls
371,JaQuori McLaughlin,24,0,1846738.00,1997718.00,Dallas Mavericks
372,Jordan McLaughlin,25,2.3,1802057.00,,Minnesota Timberwolves
373,Ben McLemore,28,0.8,1802057.00,,Portland Trail Blazers
374,De'Anthony Melton,23,3.7,1789256.00,,Memphis Grizzlies
375,Sam Merrill,25,0,1789256.00,,Memphis Grizzlies
376,Chimezie Metu,24,1.5,1789256.00,,Sacramento Kings
377,Khris Middleton,30,5.3,1789256.00,2036318.00,Milwaukee Bucks
378,C.J. Miles,34,0,1789256.00,2036318.00,Boston Celtics
379,Patty Mills,33,2.8,1786878.00,1876222.00,Brooklyn Nets
380,Paul Millsap,36,0.5,1782621.00,1930681.00,TOT
381,Shake Milton,25,1.7,1782621.00,1930681.00,Philadelphia 76ers
382,Davion Mitchell,23,0.1,1782621.00,,Sacramento Kings
383,Donovan Mitchell,25,7.2,1782621.00,,Utah Jazz
384,Evan Mobley,20,5.2,76744.00,1815677.00,Cleveland Cavaliers
385,Malik Monk,23,3.6,1782621.00,,Los Angeles Lakers
386,Greg Monroe,31,0.7,1782621.00,,TOT
387,Moses Moody,19,1.3,1782621.00,,Golden State Warriors
388,Xavier Moon,27,0.3,1782621.00,1930681.00,Los Angeles Clippers
389,Matt Mooney,24,0,1782621.00,1930681.00,New York Knicks
390,Ja Morant,22,6.7,1782621.00,1930681.00,Memphis Grizzlies
391,Juwan Morgan,24,0.1,1782621.00,1930681.00,TOT
392,Jaylen Morris,26,-0.1,1782621.00,,San Antonio Spurs
393,Marcus Morris,32,2.4,1782621.00,1930681.00,Los Angeles Clippers
394,Markieff Morris,32,0.3,1782621.00,1930681.00,Miami Heat
395,Monte Morris,26,5.4,1762796.00,,Denver Nuggets
396,Emmanuel Mudiay,25,0,1762796.00,1910860.00,Sacramento Kings
397,Mychal Mulder,27,-0.2,1762769.00,,TOT
398,Ade Murkey,24,0,1729217.00,1878720.00,Sacramento Kings
399,Trey Murphy III,21,1.9,1729217.00,1878720.00,New Orleans Pelicans
400,Dejounte Murray,25,7.3,1729217.00,1878720.00,San Antonio Spurs
401,Mike Muscala,30,2.1,1729217.00,1878720.00,Oklahoma City Thunder
402,Svi Mykhailiuk,24,0.8,1729217.00,,Toronto Raptors
403,Abdel Nader,28,0,3430810.00,,Phoenix Suns
404,Larry Nance Jr.,29,2.3,1701593.00,,TOT
405,RJ Nembhard Jr.,22,0,1720779.00,,Cleveland Cavaliers
406,Aaron Nesmith,22,0.4,1701593.00,1846738.00,Boston Celtics
407,Raul Neto,29,1.5,3430810.00,,Washington Wizards
408,Malik Newman,24,0,1700000.00,1785000.00,Cleveland Cavaliers
409,Georges Niang,28,2.8,1690507.00,,Philadelphia 76ers
410,Daishen Nix,19,-0.2,1669178.00,1815677.00,Houston Rockets
411,Zeke Nnaji,21,1.8,1669178.00,1815677.00,Denver Nuggets
412,Nerlens Noel,27,1.5,1669178.00,1815677.00,New York Knicks
413,Jaylen Nowell,22,2.8,1669178.00,1815677.00,Minnesota Timberwolves
414,Frank Ntilikina,23,0.9,1669178.00,,Dallas Mavericks
415,Jusuf Nurkić,27,3.6,1669178.00,,Portland Trail Blazers
416,David Nwaba,29,1.3,1517981.00,1782621.00,Houston Rockets
417,Jordan Nwora,23,0.6,1517981.00,1782621.00,Milwaukee Bucks
418,Royce O'Neale,28,5.5,1517981.00,1782621.00,Utah Jazz
419,Semi Ojeleye,27,0.2,1517981.00,1782621.00,TOT
420,Chuma Okeke,23,2.2,1517981.00,,Orlando Magic
421,Josh Okogie,23,0.7,1517981.00,,Minnesota Timberwolves
422,Onyeka Okongwu,21,4.2,1517981.00,,Atlanta Hawks
423,Isaac Okoro,21,4.2,1517981.00,,Cleveland Cavaliers
424,KZ Okpala,22,0.5,1517981.00,1782621.00,Miami Heat
425,Victor Oladipo,29,0.4,1517981.00,1782621.00,Miami Heat
426,Cameron Oliver,25,0.2,1517981.00,,Atlanta Hawks
427,Kelly Olynyk,30,1.6,1517981.00,1782621.00,Detroit Pistons
428,Eugene Omoruyi,24,0.1,1517981.00,,Dallas Mavericks
429,Miye Oni,24,0,1517981.00,1782621.00,Utah Jazz
430,Cedi Osman,26,2.9,1517981.00,1782621.00,Cleveland Cavaliers
431,Daniel Oturu,22,0.1,1517981.00,1782621.00,Toronto Raptors
432,Kelly Oubre Jr.,26,3.3,1517981.00,1782621.00,Charlotte Hornets
433,Jaysean Paige,27,-0.1,1500000.00,1563518.00,Detroit Pistons
434,Trayvon Palmer,27,0,1500000.00,1563518.00,Detroit Pistons
435,Kevin Pangos,29,0.1,1489065.00,1752638.00,Cleveland Cavaliers
436,Jabari Parker,26,0.3,1489065.00,1752638.00,Boston Celtics
437,Eric Paschall,25,2,1625991.00,1752638.00,Utah Jazz
438,Chris Paul,36,9.4,1456666.00,,Phoenix Suns
439,Cameron Payne,27,1.9,2045094.00,,Phoenix Suns
440,Elfrid Payton,27,-0.2,1366392.00,,Phoenix Suns
441,Gary Payton II,29,5.2,4000000.00,4000000.00,Golden State Warriors
442,Norvel Pelle,28,0,1252127.00,,Utah Jazz
443,Reggie Perry,21,0.2,1250000.00,1563518.00,TOT
444,Jamorko Pickett,24,0.1,1093598.00,1815677.00,Detroit Pistons
445,Theo Pinson,26,0.4,1090007.00,,Dallas Mavericks
446,Mason Plumlee,31,4.7,1068288.00,,Charlotte Hornets
447,Jakob Poeltl,26,6.9,1062303.00,1563518.00,San Antonio Spurs
448,Aleksej Pokusevski,20,0.4,1057260.00,1563518.00,Oklahoma City Thunder
449,Yves Pons,22,0,1039080.00,,Memphis Grizzlies
450,Jordan Poole,22,6,1000000.00,1563518.00,Golden State Warriors
451,Kevin Porter Jr.,21,0.8,10720900.00,,Houston Rockets
452,Michael Porter Jr.,23,-0.2,999200.00,999200.00,Denver Nuggets
453,Otto Porter Jr.,28,4.9,958529.00,2193920.00,Golden State Warriors
454,Bobby Portis,26,5.5,925258.00,1563518.00,Milwaukee Bucks
455,Kristaps Porziņģis,26,5.6,925258.00,1563518.00,TOT
456,Micah Potter,23,0,925258.00,1563518.00,Detroit Pistons
457,Dwight Powell,30,8.2,925258.00,1563518.00,Dallas Mavericks
458,Myles Powell,24,-0.1,925258.00,1563518.00,Philadelphia 76ers
459,Norman Powell,28,2.8,925258.00,1563518.00,TOT
460,Joshua Primo,19,0,925258.00,1563518.00,San Antonio Spurs
461,Taurean Prince,27,2.2,925258.00,1563518.00,Minnesota Timberwolves
462,Payton Pritchard,24,3.1,925258.00,1563518.00,Boston Celtics
463,Trevelin Queen,24,0.1,925258.00,1563518.00,Houston Rockets
464,Neemia Queta,22,0.1,925258.00,,Sacramento Kings
465,Immanuel Quickley,22,4.2,925258.00,,New York Knicks
466,Jahmi'us Ramsey,20,-0.1,924730.00,,Sacramento Kings
467,Julius Randle,27,3.1,888616.00,2351521.00,New York Knicks
468,Austin Reaves,23,2.9,850331.00,,Los Angeles Lakers
469,Cam Reddish,22,1,785102.00,,TOT
470,Davon Reed,26,1.6,20168742.00,,Denver Nuggets
471,Paul Reed,22,1.3,705598.00,,Philadelphia 76ers
472,Naz Reid,22,3.2,705598.00,,Minnesota Timberwolves
473,Nick Richards,24,1,1290481.00,,Charlotte Hornets
474,Josh Richardson,28,3.5,666666.00,,TOT
475,Austin Rivers,29,1.2,663024.00,,Denver Nuggets
476,Duncan Robinson,27,3.9,2045094.00,,Miami Heat
477,Justin Robinson,24,-0.3,7622467.00,333333.00,TOT
478,Mitchell Robinson,23,8.5,1290481.00,,New York Knicks
479,Jeremiah Robinson-Earl,21,1.5,606702.00,,Oklahoma City Thunder
480,Isaiah Roby,23,2.9,2541217.00,,Oklahoma City Thunder
481,Rajon Rondo,35,0.7,11109327.00,7827907.00,TOT
482,Derrick Rose,33,1.4,586136.00,,New York Knicks
483,Terrence Ross,30,0.3,558345.00,,Orlando Magic
484,Terry Rozier,27,5.9,527614.00,,Charlotte Hornets
485,Ricky Rubio,31,1.3,10468119.00,,Cleveland Cavaliers
486,D'Angelo Russell,25,4.4,462629.00,,Minnesota Timberwolves
487,Matt Ryan,24,0,4107149.00,3925000.00,Boston Celtics
488,Domantas Sabonis,25,7.1,377645.00,,TOT
489,Olivier Sarr,22,1,364533.00,,Oklahoma City Thunder
490,Tomáš Satoranský,30,1,350000.00,,TOT
491,Jordan Schakel,23,-0.1,313737.00,1563518.00,Washington Wizards
492,Admiral Schofield,24,0.3,,,Orlando Magic
493,Dennis Schröder,28,2.9,292466.00,1563518.00,TOT
494,Tre Scott,25,0,290967.00,1752638.00,Cleveland Cavaliers
495,Jay Scrubb,21,0,276039.00,,Los Angeles Clippers
496,Wayne Selden,27,0,260561.00,1563518.00,New York Knicks
497,Alperen Şengün,19,2.1,8558.00,,Houston Rockets
498,Collin Sexton,23,-0.1,231062.00,1752638.00,Cleveland Cavaliers
499,Landry Shamet,24,2.6,202068.00,,Phoenix Suns
500,Day'Ron Sharpe,20,1.2,153488.00,,Brooklyn Nets
501,Pascal Siakam,27,8.1,1366392.00,,Toronto Raptors
502,Chris Silva,25,0.3,1290481.00,,TOT
503,Marko Simonovic,22,0,1290481.00,,Chicago Bulls
504,Anfernee Simons,22,1.9,1290481.00,,Portland Trail Blazers
505,Zavier Simpson,24,-0.1,924730.00,,Oklahoma City Thunder
506,Jericho Sims,23,1.5,924730.00,,New York Knicks
507,Deividas Sirvydis,21,-0.1,924730.00,,Detroit Pistons
508,Javonte Smart,22,-0.2,924730.00,,TOT
509,Marcus Smart,27,5.6,276039.00,,Boston Celtics
510,Dennis Smith Jr.,24,0.4,276039.00,,Portland Trail Blazers
511,Ish Smith,33,0.5,,,TOT
512,Jalen Smith,21,2.8,,,TOT
513,Xavier Sneed,24,0,55208.00,,TOT
514,Tony Snell,30,0.4,55208.00,,TOT
515,Jaden Springer,19,0,55208.00,,Philadelphia 76ers
516,Cassius Stanley,22,0.1,55208.00,,Detroit Pistons
517,Nik Stauskas,28,0.1,276039.00,,TOT
518,Lance Stephenson,31,0.8,924730.00,,TOT
519,Lamar Stevens,24,1.6,1625991.00,1752638.00,Cleveland Cavaliers
520,Isaiah Stewart,20,3.4,276039.00,,Detroit Pistons
521,Max Strus,25,3.6,122741.00,122741.00,Miami Heat
522,Jalen Suggs,20,-1.6,888616.00,2351521.00,Orlando Magic
523,Craig Sword,28,0.1,888616.00,2351521.00,Washington Wizards
524,Keifer Sykes,28,-0.5,888616.00,2351521.00,Indiana Pacers
525,Jae'Sean Tate,26,3,888616.00,2351521.00,Houston Rockets
526,Jayson Tatum,23,9.6,958529.00,2193920.00,Boston Celtics
527,Terry Taylor,22,2.4,958529.00,2193920.00,Indiana Pacers
528,Garrett Temple,35,0.8,958529.00,2193920.00,New Orleans Pelicans
529,Emanuel Terry,25,-0.1,2045094.00,,Phoenix Suns
530,Tyrell Terry,21,0,2045094.00,,Memphis Grizzlies
531,Jon Teske,24,0,2045094.00,,Memphis Grizzlies
532,Daniel Theis,29,1.9,2045094.00,,TOT
533,Brodric Thomas,25,0.1,,,Boston Celtics
534,Cam Thomas,20,0.8,586136.00,,Brooklyn Nets
535,Isaiah Thomas,32,0.2,586136.00,,TOT
536,Matt Thomas,27,0.6,606702.00,,Chicago Bulls
537,Klay Thompson,31,1.8,606702.00,,Golden State Warriors
538,Tristan Thompson,30,1.6,1090007.00,,TOT
539,JT Thor,19,0.3,1090007.00,,Charlotte Hornets
540,Matisse Thybulle,24,3.7,1068288.00,,Philadelphia 76ers
541,Killian Tillie,23,0.6,100000.00,1752638.00,Memphis Grizzlies
542,Xavier Tillman Sr.,23,1.8,1762796.00,,Memphis Grizzlies
543,Isaiah Todd,20,-0.2,1762796.00,,Washington Wizards
544,Obi Toppin,23,3.9,1762796.00,,New York Knicks
545,Juan Toscano-Anderson,28,2,1762796.00,,Golden State Warriors
546,Karl-Anthony Towns,26,10.3,1762796.00,,Minnesota Timberwolves
547,Gary Trent Jr.,23,5.6,705598.00,,Toronto Raptors
548,P.J. Tucker,36,5,705598.00,,Miami Heat
549,Rayjon Tucker,24,0.4,29814.00,1878720.00,TOT
550,Myles Turner,25,3.1,29814.00,1878720.00,Indiana Pacers
551,Jonas Valančiūnas,29,7.3,,,New Orleans Pelicans
552,Denzel Valentine,28,0.2,705598.00,,TOT
553,Jarred Vanderbilt,22,6,705598.00,,Minnesota Timberwolves
554,Fred VanVleet,27,6.7,29814.00,1878720.00,Toronto Raptors
555,Devin Vassell,21,3.3,,,San Antonio Spurs
556,Gabe Vincent,25,2.5,29814.00,1878720.00,Miami Heat
557,Nikola Vučević,31,4.5,,,Chicago Bulls
558,Dean Wade,25,2.3,,,Cleveland Cavaliers
559,Franz Wagner,20,4,,,Orlando Magic
560,Moritz Wagner,24,2.8,1720779.00,,Orlando Magic
561,Ish Wainright,27,0.6,1720779.00,,Phoenix Suns
562,Kemba Walker,31,1.8,,,New York Knicks
563,Lonnie Walker IV,23,1.2,,,San Antonio Spurs
564,M.J. Walker,23,0,19186.00,1815677.00,Phoenix Suns
565,Tyrone Wallace,27,-0.1,19186.00,1815677.00,New Orleans Pelicans
566,Derrick Walton,26,-0.2,,,Detroit Pistons
567,Brad Wanamaker,32,0,850331.00,,TOT
568,Duane Washington Jr.,21,0,,,Indiana Pacers
569,P.J. Washington,23,3.4,28779.00,1815677.00,Charlotte Hornets
570,YUtah Jazz Watanabe,27,0.7,,,Toronto Raptors
571,LIndiana Pacersy Waters III,24,0.8,28779.00,1815677.00,Oklahoma City Thunder
572,Tremont Waters,24,0,,,TOT
573,Trendon Watford,21,1.9,,,Portland Trail Blazers
574,Paul Watson,27,0,92857.00,92857.00,Oklahoma City Thunder
575,Quinndary Weatherspoon,25,0.2,290967.00,1752638.00,Golden State Warriors
576,Russell Westbrook,33,1.7,290967.00,1752638.00,Los Angeles Lakers
577,Coby White,21,2.4,290967.00,1752638.00,Chicago Bulls
578,Derrick White,27,5.1,231062.00,1752638.00,TOT
579,Hassan Whiteside,32,5.8,231062.00,1752638.00,Utah Jazz
580,Joe Wieskamp,22,0.1,1625991.00,1752638.00,San Antonio Spurs
581,Aaron Wiggins,23,1.2,1625991.00,1752638.00,Oklahoma City Thunder
582,Andrew Wiggins,26,5.1,100000.00,1752638.00,Golden State Warriors
583,Lindell Wigginton,23,0.2,,,Milwaukee Bucks
584,Brandon Williams,22,-0.5,,,Portland Trail Blazers
585,Grant Williams,23,5.1,1517981.00,1782621.00,Boston Celtics
586,Kenrich Williams,27,1.8,,,Oklahoma City Thunder
587,Lou Williams,35,0.6,,,Atlanta Hawks
588,Patrick Williams,20,0.9,76744.00,1815677.00,Chicago Bulls
589,Robert Williams,24,9.9,58493.00,,Boston Celtics
590,Ziaire Williams,20,2.2,55208.00,,Memphis Grizzlies
591,D.J. Wilson,25,0.4,,,Toronto Raptors
592,Dylan Windler,25,0.8,,,Cleveland Cavaliers
593,Justise Winslow,25,0.8,,,TOT
594,Cassius Winston,23,0,,,Washington Wizards
595,Christian Wood,26,4.9,,,Houston Rockets
596,Robert Woodard II,22,-0.1,,,Sacramento Kings
597,Delon Wright,29,3.6,,,Atlanta Hawks
598,McKinley Wright IV,23,0,,,Minnesota Timberwolves
599,Moses Wright,23,0.1,462629.00,,TOT
600,Gabe York,28,0,,,Indiana Pacers
601,Thaddeus Young,33,2.2,,,TOT
602,Trae Young,23,10,,,Atlanta Hawks
603,Omer Yurtseven,23,2.1,,,Miami Heat
604,Cody Zeller,29,1.1,,,Portland Trail Blazers
605,Ivica Zubac,24,7.2,,,Los Angeles Clippers