Rk,Player,age,proPic,WS,salary,projSalary,playerTeam
1,Precious Achiuwa\achiupr01,22,,2.5,$45780966.00,$48070014.00,Toronto Raptors
2,Steven Adams\adamsst01,28,,6.8,$44310840.00,$47366760.00,Memphis Grizzlies
3,Bam Adebayo\adebaba01,24,,7.2,$44211146.00,$47063478.00,Miami Heat
4,Santi Aldama\aldamsa01,21,,0.3,$43848000.00,$46872000.00,Memphis Grizzlies
5,LaMarcus Aldridge\aldrila01,36,,3.1,$41180544.00,$44474988.00,Brooklyn Nets
6,Nickeil Alexander-Walker\alexani01,23,,0.1,$40918900.00,$44119845.00,TOT
7,Grayson Allen\allengr01,26,,4.2,$39344970.00,$42492568.00,Milwaukee Bucks
8,Jarrett Allen\allenja01,23,,8.5,$39344970.00,$42492568.00,Cleveland Cavaliers
9,Jose Alvarado\alvarjo01,23,,2.1,$39344900.00,$42492492.00,New Orleans Pelicans
10,Justin Anderson\anderju01,28,,0.4,$39344900.00,$42492492.00,TOT
11,Kyle Anderson\anderky01,28,,3.5,$37980720.00,$40600080.00,Memphis Grizzlies
12,Giannis Antetokounmpo\antetgi01,27,,12.9,$36016200.00,$37653300.00,Milwaukee Bucks
13,Thanasis Antetokounmpo\antetth01,29,,0.9,$36000000.00,$38482759.00,Milwaukee Bucks
14,Carmelo Anthony\anthoca01,37,,3.6,$35500000.00,$37948276.00,Los Angeles Lakers
15,Cole Anthony\anthoco01,21,,1.6,$35361360.00,$37980720.00,Orlando Magic
16,OG Anunoby\anunoog01,24,,3.7,$35344828.00,$38172414.00,Toronto Raptors
17,Ryan Arcidiacono\arcidry01,27,,0.1,$34916200.00,$36503300.00,New York Knicks
18,Trevor Ariza\arizatr01,36,,0.2,$34502130.00,$37262300.00,Los Angeles Lakers
19,D.J. Augustin\augusdj01,34,,0.8,$31650600.00,$33833400.00,TOT
20,Deni Avdija\avdijde01,21,,2.4,$31610000.00,$33790000.00,Washington Wizards
21,Joel Ayayi\ayayijo01,21,,0,$31610000.00,$33790000.00,Washington Wizards
22,Deandre Ayton\aytonde01,23,,7.3,$31590000.00,$33930000.00,Phoenix Suns
23,Udoka Azubuike\azubuud01,22,,0.6,$31590000.00,$33930000.00,Utah Jazz
24,Marvin Bagley III\baglema01,22,,2,$31579390.00,$33616770.00,TOT
25,LaMelo Ball\ballla01,20,,5.8,$31579390.00,$33616770.00,Charlotte Hornets
26,Lonzo Ball\balllo01,24,,2.2,$31320000.00,$33640000.00,Chicago Bulls
27,Mo Bamba\bambamo01,23,,4.5,$31300000.00,$28900000.00,Orlando Magic
28,Desmond Bane\banede01,23,,7.2,$30864198.00,$33333333.00,Memphis Grizzlies
29,Dalano Banton\bantoda01,22,,0.4,$30800000.00,$28400000.00,Toronto Raptors
30,Cat Barber\barbeca01,27,,-0.1,$30510423.00,$32478837.00,Atlanta Hawks
31,Harrison Barnes\barneha02,29,,6,$30133333.00,$32393333.00,Sacramento Kings
32,Scottie Barnes\barnesc01,20,,6.6,$30013500.00,$31377750.00,Toronto Raptors
33,RJ Barrett\barrerj01,21,,2.3,$29900000.00,$30100000.00,New York Knicks
34,Will Barton\bartowi01,31,,3.2,$32405817.00,,Denver Nuggets
35,Paris Bass\basspa01,26,,0,$29467800.00,$31650600.00,Phoenix Suns
36,Charles Bassey\bassech01,21,,0.8,$28103550.00,$30351834.00,Philadelphia 76ers
37,Keita Bates-Diop\bateske01,26,,1.6,$28103550.00,$30351834.00,San Antonio Spurs
38,Nicolas Batum\batumni01,33,,3.7,$28103550.00,$30351834.00,Los Angeles Clippers
39,Kent Bazemore\bazemke01,32,,0.1,$28103550.00,$30351834.00,Los Angeles Lakers
40,Darius Bazley\bazleda01,21,,1.8,$27000000.00,$26500000.00,Oklahoma City Thunder
41,Bradley Beal\bealbr01,28,,1.4,$26984128.00,$28333334.00,Washington Wizards
42,Malik Beasley\beaslma01,25,,2.9,$34967442.00,$36596549.00,Minnesota Timberwolves
43,Jordan Bell\belljo01,27,,0,$26000000.00,$27300000.00,Chicago Bulls
44,DeAndre' Bembry\bembrde01,27,,2.2,$24830357.00,$26669643.00,TOT
45,Dāvis Bertāns\bertada01,29,,0.9,$24026712.00,$25806469.00,TOT
46,Patrick Beverley\beverpa01,33,,4.1,$24000000.00,$22000000.00,Minnesota Timberwolves
47,Saddiq Bey\beysa01,22,,4,$23000000.00,$23500000.00,Detroit Pistons
48,Khem Birch\birchkh01,29,,2.6,$22477273.00,$20522727.00,Toronto Raptors
49,Goga Bitadze\bitadgo01,22,,1.9,$21700000.00,$22600000.00,Indiana Pacers
50,Bismack Biyombo\biyombi01,29,,1.8,$21306816.00,$19602273.00,Phoenix Suns
51,Nemanja Bjelica\bjeline01,33,,3,$21000000.00,$22680000.00,Golden State Warriors
52,Eric Bledsoe\bledser01,32,,1.3,$20482143.00,,Los Angeles Clippers
53,Keljin Blevins\blevike01,26,,-0.5,$20475000.00,$21450000.00,Portland Trail Blazers
54,Bogdan Bogdanović\bogdabo01,29,,3.7,$20284091.00,$18352273.00,Atlanta Hawks
55,Bojan Bogdanović\bogdabo02,32,,5.2,$20000000.00,$20000000.00,Utah Jazz
56,Bol Bol\bolbo01,22,,0.1,$20000000.00,$20952381.00,Denver Nuggets
57,Leandro Bolmaro\bolmale01,21,,0,$19800000.00,$23760000.00,Minnesota Timberwolves
58,Isaac Bonga\bongais01,22,,0.1,$19675926.00,$21250000.00,Toronto Raptors
59,Devin Booker\bookede01,25,,7.6,$19500000.00,,Phoenix Suns
60,Brandon Boston Jr.\bostobr01,20,,0.4,$20168742.00,,Los Angeles Clippers
61,Chris Boucher\bouchch01,29,,6,$18700000.00,$19550000.00,Toronto Raptors
62,James Bouknight\bouknja01,21,,0,$18604651.00,$19534884.00,Charlotte Hornets
63,Avery Bradley\bradlav01,31,,1.2,$18562500.00,$19937500.00,Los Angeles Lakers
64,Tony Bradley\bradlto01,24,,1.3,$18218818.00,$19568360.00,Chicago Bulls
65,Ignas Brazdeikis\brazdig01,23,,0.5,$18139535.00,$19046512.00,Orlando Magic
66,Mikal Bridges\bridgmi01,25,,8.9,$18125000.00,$19375000.00,Phoenix Suns
67,Miles Bridges\bridgmi02,23,,7.2,$18000000.00,$18000000.00,Charlotte Hornets
68,Oshae Brissett\brissos01,23,,2.2,$18000000.00,$18000000.00,Indiana Pacers
69,Malcolm Brogdon\brogdma01,29,,2.7,$17905263.00,$21486316.00,Indiana Pacers
70,Armoni Brooks\brookar01,23,,0.2,$17809524.00,,TOT
71,Dillon Brooks\brookdi01,26,,1.6,$17500000.00,$18796296.00,Memphis Grizzlies
72,Bruce Brown\brownbr01,25,,4.8,$17400000.00,$17400000.00,Brooklyn Nets
73,Charlie Brown Jr.\brownch02,24,,0,$17357143.00,$18642857.00,TOT
74,Chaundee Brown Jr.\brownch05,23,,0,$17142857.00,$18000000.00,TOT
75,Greg Brown III\browngr01,20,,0.4,$17103448.00,$18206897.00,Portland Trail Blazers
76,Jaylen Brown\brownja02,25,,5.8,$17073171.00,$17926829.00,Boston Celtics
77,Moses Brown\brownmo01,22,,1.2,$16500000.00,$16500000.00,TOT
78,Sterling Brown\brownst02,26,,0.8,$16409091.00,$19690909.00,Dallas Mavericks
79,Troy Brown Jr.\browntr01,22,,1.4,$16071429.00,$17357143.00,Chicago Bulls
80,Jalen Brunson\brunsja01,25,,7.5,$16000000.00,$16000000.00,Dallas Mavericks
81,Thomas Bryant\bryanth01,24,,1.1,$16000000.00,$17280000.00,Washington Wizards
82,Shaq Buchanan\buchash01,25,,0,$15690909.00,$16475454.00,Memphis Grizzlies
83,Reggie Bullock\bullore01,30,,3.2,$15627907.00,$16372093.00,Dallas Mavericks
84,Trey Burke\burketr01,29,,0,$15560000.00,$16902000.00,Dallas Mavericks
85,Alec Burks\burksal01,30,,6.1,$15517242.00,$16758621.00,New York Knicks
86,Jared Butler\butleja02,21,,0.4,$15428571.00,$16571429.00,Utah Jazz
87,Jimmy Butler\butleji01,32,,9.2,$15384615.00,$16615385.00,Miami Heat
88,Devontae Cacok\cacokde01,25,,0.5,$15178571.00,$16392857.00,San Antonio Spurs
89,Kentavious Caldwell-Pope\caldwke01,28,,2.8,$15057692.00,,Washington Wizards
90,Facundo Campazzo\campafa01,30,,2,$14391964.00,$15458035.00,Denver Nuggets
91,Vlatko Čančar\cancavl01,24,,0.4,$14339285.00,$16607142.00,Denver Nuggets
92,Devin Cannady\cannade01,25,,0.1,$14320988.00,$13000000.00,Orlando Magic
93,Clint Capela\capelca01,27,,8.3,$14190000.00,,Atlanta Hawks
94,Vernon Carey Jr.\careyve01,20,,0.1,$14000000.00,$14700000.00,TOT
95,Jevon Carter\carteje01,26,,1.2,$14000000.00,,TOT
96,Wendell Carter Jr.\cartewe01,22,,5,$13750000.00,$13750000.00,Orlando Magic
97,Alex Caruso\carusal01,27,,2,$13666667.00,$14317459.00,Chicago Bulls
98,Willie Cauley-Stein\caulewi01,28,,0.2,$13445120.00,$14520730.00,TOT
99,Ahmad Caver\caverah01,25,,0,$13302325.00,$13906976.00,Indiana Pacers
100,Justin Champagnie\champju01,20,,0.8,$13038862.00,$14004703.00,Toronto Raptors
101,Zylan Cheatham\cheatzy01,26,,-0.1,$13000000.00,$13000000.00,Utah Jazz
102,Chris Chiozza\chiozch01,26,,0,$12975471.00,,Golden State Warriors
103,Marquese Chriss\chrisma01,24,,0.8,$12727273.00,$13745455.00,Dallas Mavericks
104,Josh Christopher\chrisjo01,20,,0.3,$12690000.00,,Houston Rockets
105,Gary Clark\clarkga01,27,,0.7,$12632950.00,,New Orleans Pelicans
106,Brandon Clarke\clarkbr01,25,,6.3,$12500000.00,$11500000.00,Memphis Grizzlies
107,Jordan Clarkson\clarkjo01,29,,3.5,$12420000.00,$13340000.00,Utah Jazz
108,Nic Claxton\claxtni01,22,,3.5,$12200000.00,$11400000.00,Brooklyn Nets
109,Amir Coffey\coffeam01,24,,3.8,$12195122.00,$12804878.00,Los Angeles Clippers
110,John Collins\collijo01,24,,5.1,$12000000.00,$12600000.00,Atlanta Hawks
111,Zach Collins\colliza01,24,,1.2,$12000000.00,$12960000.00,San Antonio Spurs
112,Darren Collison\collida01,34,,-0.1,$12000000.00,,Los Angeles Lakers
113,Mike Conley\conlemi01,34,,6.7,$11615328.00,$12196094.00,Utah Jazz
114,Pat Connaughton\connapa01,29,,4.4,$11312114.00,,Milwaukee Bucks
115,Tyler Cook\cookty01,24,,0.5,$11000000.00,$11550000.00,Chicago Bulls
116,Sharife Cooper\coopesh01,20,,-0.2,$11000000.00,$11814815.00,Atlanta Hawks
117,Petr Cornelie\cornepe01,26,,0,$10733400.00,$13534817.00,Denver Nuggets
118,DeMarcus Cousins\couside01,31,,1.6,$10690909.00,$9672727.00,TOT
119,Robert Covington\covinro01,31,,3.2,$10500000.00,,TOT
120,Torrey Craig\craigto01,31,,2.3,$10384500.00,$11215260.00,TOT
121,Jae Crowder\crowdja01,31,,4.3,$10384500.00,$11215260.00,Phoenix Suns
122,Jarrett Culver\culveja01,22,,0.1,$10245480.00,$10733400.00,Memphis Grizzlies
123,Jarron Cumberland\cumbeja01,24,,0,$10174391.00,$35700000.00,Portland Trail Blazers
124,Cade Cunningham\cunnica01,20,,-0.5,$10050120.00,$10552800.00,Detroit Pistons
125,Seth Curry\curryse01,31,,4.2,$10468119.00,,TOT
126,Stephen Curry\curryst01,33,,8,$10000000.00,$10000000.00,Golden State Warriors
127,Anthony Davis\davisan02,28,,4.5,$9937150.00,,Los Angeles Lakers
128,Ed Davis\davised01,32,,0.5,$9742000.00,,Cleveland Cavaliers
129,Terence Davis\daviste02,24,,0.5,$9720900.00,$10183800.00,Sacramento Kings
130,Gabriel Deck\deckga01,26,,0.1,$9720900.00,$10183800.00,Oklahoma City Thunder
131,Dewayne Dedmon\dedmode01,32,,3.5,$10720900.00,,Miami Heat
132,Sam Dekker\dekkesa01,27,,0,$9720900.00,,Toronto Raptors
133,Javin DeLaurier\delauja01,23,,0,$9720900.00,,Milwaukee Bucks
134,DeMar DeRozan\derozde01,32,,8.8,$9603360.00,$12119440.00,Chicago Bulls
135,Mamadi Diakite\diakima01,25,,0.3,$9536000.00,$10012800.00,Oklahoma City Thunder
136,Cheick Diallo\diallch01,25,,0.1,$9536000.00,$10012800.00,Detroit Pistons
137,Hamidou Diallo\diallha01,23,,2.1,$9500000.00,$10260000.00,Detroit Pistons
138,Gorgui Dieng\dienggo01,32,,1.2,$9180560.00,$23437500.00,Atlanta Hawks
139,Spencer Dinwiddie\dinwisp01,28,,4.1,$9166800.00,$9603360.00,TOT
140,Donte DiVincenzo\divindo01,25,,0.7,$12213507.00,$12372008.00,TOT
141,Luka Dončić\doncilu01,22,,7.6,$9000000.00,$9666667.00,Dallas Mavericks
142,Luguentz Dort\dortlu01,22,,1.4,$8992200.00,$9441720.00,Oklahoma City Thunder
143,Ayo Dosunmu\dosunay01,22,,3,$8800000.00,$9240000.00,Chicago Bulls
144,Damyean Dotson\dotsoda01,27,,0,$8750000.00,$9398148.00,New York Knicks
145,Devon Dotson\dotsode01,22,,0.1,$8750000.00,$9000000.00,Chicago Bulls
146,Sekou Doumbouya\doumbse01,21,,0.1,$8730159.00,,Los Angeles Lakers
147,Jeff Dowtin\dowtije01,24,,0,$34967442.00,$36596549.00,TOT
148,PJ Dozier\doziepj01,25,,0.3,$8678571.00,$9321429.00,Denver Nuggets
149,Goran Dragić\dragigo01,35,,0.4,$8623920.00,$10900635.00,TOT
150,Andre Drummond\drumman01,28,,5.1,$8604651.00,$9034884.00,TOT
151,Chris Duarte\duartch01,24,,0.9,$8526316.00,,Indiana Pacers
152,David Duke Jr.\dukeda01,22,,0.3,$8437500.00,$9062500.00,Brooklyn Nets
153,Kris Dunn\dunnkr01,27,,0.2,$8372093.00,$8790698.00,Portland Trail Blazers
154,Kevin Durant\duranke01,33,,8.4,$8333333.00,$9000000.00,Brooklyn Nets
155,Jaime Echenique\echenja01,24,,0,$8326471.00,$29750000.00,Washington Wizards
156,Anthony Edwards\edwaran01,20,,4.3,$8292683.00,$8707317.00,Minnesota Timberwolves
157,Carsen Edwards\edwarca01,23,,-0.1,$8231760.00,$8623920.00,Detroit Pistons
158,Kessler Edwards\edwarke02,21,,0.6,$8186047.00,$8558140.00,Brooklyn Nets
159,Rob Edwards\edwarro01,25,,0,$8137500.00,$8525000.00,Oklahoma City Thunder
160,CJ Elleby\ellebcj01,21,,0.4,$8075160.00,$8478720.00,Portland Trail Blazers
161,Wayne Ellington\ellinwa01,34,,1,$8050000.00,$7350000.00,Los Angeles Lakers
162,Joel Embiid\embiijo01,27,,12,$11109327.00,$7827907.00,Philadelphia 76ers
163,James Ennis III\ennisja01,31,,0.1,$7775400.00,$9835881.00,TOT
164,Drew Eubanks\eubandr01,24,,3.4,$7568742.00,,TOT
165,Tacko Fall\fallta01,26,,0.1,$7522200.00,,Cleveland Cavaliers
166,Derrick Favors\favorde01,30,,1.4,$7518518.00,$7518518.00,Oklahoma City Thunder
167,Bruno Fernando\fernabr01,23,,0.4,$7500000.00,$8100000.00,TOT
168,Dorian Finney-Smith\finnedo01,28,,6.6,$7422000.00,$7775400.00,Dallas Mavericks
169,Malik Fitts\fittsma01,24,,0.1,$7280520.00,$7644720.00,TOT
170,Malachi Flynn\flynnma01,23,,1,$7040880.00,$8920795.00,Toronto Raptors
171,Bryn Forbes\forbebr01,28,,1.4,$7009615.00,,TOT
172,Aleem Ford\fordal03,24,,-0.2,$7622467.00,$333333.00,Orlando Magic
173,Trent Forrest\forretr01,23,,1.3,$7000000.00,$7350000.00,Utah Jazz
174,Evan Fournier\fournev01,29,,3.7,$6984127.00,$7333333.00,New York Knicks
175,De'Aaron Fox\foxde01,24,,2.5,$6920027.00,$14150000.00,Sacramento Kings
176,Melvin Frazier\frazime01,25,,-0.4,$6720720.00,$7040880.00,Oklahoma City Thunder
177,Tim Frazier\fraziti01,31,,-0.2,$6593040.00,$6922440.00,TOT
178,Enes Freedom\kanteen01,29,,1.4,$6500000.00,$6000000.00,Boston Celtics
179,Markelle Fultz\fultzma01,23,,0.4,$6431666.00,,Orlando Magic
180,Wenyen Gabriel\gabriwe01,24,,0.7,$6395160.00,$8109063.00,TOT
181,Daniel Gafford\gaffoda01,23,,6,$6350000.00,$6667750.00,Washington Wizards
182,Danilo Gallinari\gallida01,33,,3.6,$6349671.00,,Atlanta Hawks
183,Langston Galloway\gallola01,30,,-0.2,$6175440.00,$6632880.00,TOT
184,Darius Garland\garlada01,22,,6.3,$6104280.00,$6395160.00,Cleveland Cavaliers
185,Marcus Garrett\garrema01,23,,0.1,$6006420.00,$6292440.00,Miami Heat
186,Usman Garuba\garubus01,19,,0.5,$5988000.00,$6287400.00,Houston Rockets
187,Luka Garza\garzalu01,23,,0.8,$5890000.00,$6184500.00,Detroit Pistons
188,Rudy Gay\gayru01,35,,2.1,$5890000.00,,Utah Jazz
189,Paul George\georgpa01,31,,1.3,$5890000.00,$6184500.00,Los Angeles Clippers
190,Taj Gibson\gibsota01,36,,2.7,$5845978.00,,New York Knicks
191,Josh Giddey\giddejo01,19,,0.4,$5837760.00,$7413955.00,Oklahoma City Thunder
192,Shai Gilgeous-Alexander\gilgesh01,23,,4.6,$5573334.00,,Oklahoma City Thunder
193,Anthony Gill\gillan01,29,,1.4,$5572680.00,$5837760.00,Washington Wizards
194,Freddie Gillespie\gillefr01,24,,0.1,$5557725.00,$20089286.00,Orlando Magic
195,Rudy Gobert\goberru01,29,,11.7,$5495532.00,$29750000.00,Utah Jazz
196,Brandon Goodwin\goodwbr01,26,,0.7,$5466360.00,$5739960.00,Cleveland Cavaliers
197,Jordan Goodwin\goodwjo01,23,,-0.1,$5421493.00,,Washington Wizards
198,Aaron Gordon\gordoaa01,26,,5.2,$5348280.00,$6803012.00,Denver Nuggets
199,Eric Gordon\gordoer01,33,,1.4,$5333333.00,$5728395.00,Houston Rockets
200,Devonte' Graham\grahade01,26,,2.8,$5258735.00,$29750000.00,New Orleans Pelicans
201,Jerami Grant\grantje01,27,,2.3,$5214584.00,,Detroit Pistons
202,Hassani Gravett\graveha01,25,,0.3,$5200000.00,$5200000.00,Orlando Magic
203,Danny Green\greenda02,34,,1.9,$5178572.00,,Philadelphia 76ers
204,Draymond Green\greendr01,31,,3.6,$5170564.00,,Golden State Warriors
205,Jalen Green\greenja05,19,,0.7,$5105160.00,$5348280.00,Houston Rockets
206,JaMychal Green\greenja01,31,,2.7,$5007840.00,$5258280.00,Denver Nuggets
207,Javonte Green\greenja02,28,,4.4,$5005350.00,,Chicago Bulls
208,Jeff Green\greenje02,35,,3.9,$5000000.00,,Denver Nuggets
209,Josh Green\greenjo02,21,,2.4,$5000000.00,,Dallas Mavericks
210,Blake Griffin\griffbl01,32,,2.1,$5000000.00,$5250000.00,Brooklyn Nets
211,Quentin Grimes\grimequ01,21,,1.4,$5000000.00,,New York Knicks
212,Kyle Guy\guyky01,24,,0.1,$4990000.00,,Miami Heat
213,Rui Hachimura\hachiru01,23,,1.4,$4916160.00,$6263188.00,Washington Wizards
214,Tyrese Haliburton\halibty01,21,,7,$4910000.00,$5155500.00,TOT
215,Tyler Hall\hallty01,24,,0,$7310000.00,$5155000.00,New York Knicks
216,R.J. Hampton\hamptrj01,20,,-0.2,$4910000.00,$5155500.00,Orlando Magic
217,Tim Hardaway Jr.\hardati02,29,,2,$4878049.00,$5121951.00,Dallas Mavericks
218,James Harden\hardeja01,32,,7.6,$2641691.00,,TOT
219,Maurice Harkless\harklma01,28,,0.5,$4736102.00,,Sacramento Kings
220,Jared Harper\harpeja01,24,,0.4,$4692840.00,$4916160.00,New Orleans Pelicans
221,Montrezl Harrell\harremo01,28,,7.3,$4675830.00,,TOT
222,Gary Harris\harriga01,27,,2.2,$4670160.00,$5954454.00,Orlando Magic
223,Joe Harris\harrijo01,30,,0.5,$4650000.00,$5022000.00,Brooklyn Nets
224,Tobias Harris\harrito02,29,,5.6,$4629630.00,$5000000.00,Philadelphia 76ers
225,Shaquille Harrison\harrish01,28,,0,$4603320.00,$4833600.00,Brooklyn Nets
226,Josh Hart\hartjo01,26,,4.4,$4500000.00,$4725000.00,TOT
227,Isaiah Hartenstein\harteis01,23,,5.5,$4500000.00,$4500000.00,Los Angeles Clippers
228,Udonis Haslem\hasleud01,41,,0.1,$4458000.00,$4670160.00,Miami Heat
229,Sam Hauser\hausesa01,24,,0.6,$4447896.00,,Boston Celtics
230,Jaxson Hayes\hayesja02,21,,5.1,$4437000.00,$5887899.00,New Orleans Pelicans
231,Killian Hayes\hayeski01,20,,0.5,$4373160.00,$4591920.00,Detroit Pistons
232,Gordon Hayward\haywago01,31,,2.8,$4347600.00,$4564980.00,Charlotte Hornets
233,Aaron Henry\henryaa01,22,,-0.1,$4347600.00,$4564980.00,Philadelphia 76ers
234,Juancho Hernangómez\hernaju01,26,,0.9,$4259259.00,$4600000.00,TOT
235,Willy Hernangómez\hernawi01,27,,3.2,$4253357.00,$14508929.00,New Orleans Pelicans
236,Tyler Herro\herroty01,22,,3.8,$4235160.00,$4437000.00,Miami Heat
237,Buddy Hield\hieldbu01,29,,1.9,$4215120.00,$5808435.00,TOT
238,Haywood Highsmith\highsha01,25,,0.1,$4154400.00,$4362240.00,Miami Heat
239,George Hill\hillge01,35,,2.3,$4087904.00,,Milwaukee Bucks
240,Malcolm Hill\hillma01,26,,0.6,$4054695.00,$9615385.00,TOT
241,Solomon Hill\hillso01,30,,0,$4023600.00,$4215120.00,Atlanta Hawks
242,Nate Hinton\hintona01,22,,-0.1,$4004280.00,$5722116.00,Indiana Pacers
243,Jaylen Hoard\hoardja01,22,,0.6,$4000000.00,$12402000.00,Oklahoma City Thunder
244,Aaron Holiday\holidaa01,25,,1.5,$4000000.00,$4000000.00,TOT
245,Jrue Holiday\holidjr01,31,,6.9,$4000000.00,$4000000.00,Milwaukee Bucks
246,Justin Holiday\holidju01,32,,1.4,$4000000.00,,TOT
247,Richaun Holmes\holmeri01,28,,3.2,$3980551.00,,Sacramento Kings
248,Rodney Hood\hoodro01,29,,0.7,$3946800.00,$4144320.00,TOT
249,Scotty Hopson\hopsosc01,32,,0,$3940184.00,,Oklahoma City Thunder
250,Al Horford\horfoal01,35,,7.6,$3938818.00,,Boston Celtics
251,Talen Horton-Tucker\hortota01,21,,1.1,$3902439.00,$4097561.00,Los Angeles Lakers
252,Danuel House Jr.\houseda01,28,,1,$3822240.00,$4004280.00,TOT
253,Dwight Howard\howardw01,36,,3.5,$3804360.00,$5634257.00,Los Angeles Lakers
254,Markus Howard\howarma02,22,,0.3,$3804150.00,,Denver Nuggets
255,Kevin Huerter\huertke01,23,,2.8,$3768342.00,$9598214.00,Atlanta Hawks
256,Jay Huff\huffja01,23,,0,$3749520.00,$3936960.00,Los Angeles Lakers
257,Elijah Hughes\hugheel01,23,,-0.4,$3731707.00,$3918293.00,TOT
258,Feron Hunt\huntfe01,22,,0,$3661976.00,$10700000.00,New York Knicks
259,De'Andre Hunter\huntede01,24,,1.1,$4107149.00,$3925000.00,Atlanta Hawks
260,Chandler Hutchison\hutchch01,25,,0,$3631200.00,$3804360.00,Phoenix Suns
261,Bones Hyland\hylanbo01,21,,2.4,$3562080.00,$3740160.00,Denver Nuggets
262,Serge Ibaka\ibakase01,32,,2,$3500000.00,$3500000.00,TOT
263,Andre Iguodala\iguodan01,38,,1.6,$3500000.00,$3500000.00,Golden State Warriors
264,Joe Ingles\inglejo01,34,,2.2,$3449400.00,$3613680.00,Utah Jazz
265,Brandon Ingram\ingrabr01,24,,3.9,$3383640.00,$3552960.00,New Orleans Pelicans
266,Kyrie Irving\irvinky01,29,,3.3,$3333333.00,$3492063.00,Brooklyn Nets
267,Wes Iwundu\iwundwe01,27,,0.1,$3300000.00,$3465000.00,Atlanta Hawks
268,Frank Jackson\jacksfr01,23,,0.7,$3277080.00,$3433320.00,Detroit Pistons
269,Isaiah Jackson\jacksis01,20,,1.4,$3277080.00,$3433320.00,Indiana Pacers
270,Jaren Jackson Jr.\jacksja02,22,,5.4,$3261480.00,$5009633.00,Memphis Grizzlies
271,Josh Jackson\jacksjo02,24,,0,$3214680.00,$3375480.00,TOT
272,Justin Jackson\jacksju01,26,,0,$12213507.00,$12372008.00,TOT
273,Reggie Jackson\jacksre01,31,,0.4,$3169347.00,,Los Angeles Clippers
274,LeBron James\jamesle01,37,,7.5,$3113160.00,$3261480.00,Los Angeles Lakers
275,DeJon Jarreau\jarrede01,24,,0,$3098400.00,$4765339.00,Indiana Pacers
276,DaQuan Jeffries\jeffrda01,24,,0,$3053760.00,$3206640.00,Memphis Grizzlies
277,Ty Jerome\jeromty01,24,,0.5,$3000000.00,$3000000.00,Oklahoma City Thunder
278,Isaiah Joe\joeis01,22,,0.4,$3000000.00,,Philadelphia 76ers
279,Alize Johnson\johnsal02,25,,0.1,$3000000.00,$3150000.00,TOT
280,B.J. Johnson\johnsbj01,26,,0.1,$2957520.00,$3098400.00,Orlando Magic
281,Cameron Johnson\johnsca02,25,,5.6,$2901240.00,$3046200.00,Phoenix Suns
282,David Johnson\johnsda08,20,,0,$5256308.00,$2866667.00,Toronto Raptors
283,Jalen Johnson\johnsja05,20,,0,$2844429.00,$2844429.00,Atlanta Hawks
284,James Johnson\johnsja01,34,,1.7,$2840160.00,$4379527.00,Brooklyn Nets
285,Joe Johnson\johnsjo02,40,,0,$2824320.00,$2959080.00,Boston Celtics
286,Keldon Johnson\johnske04,22,,4.9,$2770560.00,$2909160.00,San Antonio Spurs
287,Keon Johnson\johnske07,19,,-0.5,$2726880.00,$4343920.00,TOT
288,Stanley Johnson\johnsst04,25,,1.8,$2711280.00,$2840160.00,Los Angeles Lakers
289,Tyler Johnson\johnsty01,29,,0.1,$2659560.00,$2792520.00,TOT
290,Nikola Jokić\jokicni01,26,,15.2,$2641691.00,,Denver Nuggets
291,Carlik Jones\jonesca03,24,,-0.1,$2641691.00,,TOT
292,Damian Jones\jonesda03,26,,3.3,$2641691.00,,Sacramento Kings
293,Derrick Jones Jr.\jonesde02,24,,2.2,$2641691.00,,Chicago Bulls
294,Herbert Jones\joneshe01,23,,4.6,$2641691.00,,New Orleans Pelicans
295,Jemerrio Jones\jonesje01,26,,0.1,$11109327.00,$7827907.00,Los Angeles Lakers
296,Kai Jones\joneska01,21,,0,$2641691.00,,Charlotte Hornets
297,Mason Jones\jonesma05,23,,0.2,$2641691.00,,Los Angeles Lakers
298,Tre Jones\jonestr01,22,,2.9,$2641691.00,,San Antonio Spurs
299,Tyus Jones\jonesty01,25,,5.1,$2641691.00,,Memphis Grizzlies
300,DeAndre Jordan\jordade01,33,,1.9,$2641691.00,,TOT
301,Cory Joseph\josepco01,30,,2.5,$2641691.00,,Detroit Pistons
302,Georgios Kalaitzakis\kalaige01,23,,-0.1,$2641691.00,,TOT
303,Frank Kaminsky\kaminfr01,28,,0.9,$32405817.00,,Phoenix Suns
304,Luke Kennard\kennalu01,25,,4.5,$2641691.00,,Los Angeles Clippers
305,Braxton Key\keybr01,24,,0.2,$2641691.00,,TOT
306,George King\kingge03,28,,-0.1,$2641691.00,,Dallas Mavericks
307,Louis King\kinglo02,22,,0,$2617800.00,$4306281.00,Sacramento Kings
308,Corey Kispert\kispeco01,22,,2.3,$2602920.00,$2726880.00,Washington Wizards
309,Maxi Kleber\klebima01,30,,3,$2553120.00,$2681040.00,Dallas Mavericks
310,Brandon Knight\knighbr03,30,,0.1,$2513040.00,$4264629.00,Dallas Mavericks
311,Nathan Knight\knighna01,24,,1,$2500000.00,$2625000.00,Minnesota Timberwolves
312,Kevin Knox\knoxke01,22,,0.2,$2498760.00,$2617800.00,TOT
313,John Konchar\konchjo01,25,,4.2,$2451120.00,$2573760.00,Memphis Grizzlies
314,Furkan Korkmaz\korkmfu01,24,,1.2,$2412840.00,$4220057.00,Philadelphia 76ers
315,Luke Kornet\kornelu01,26,,0.4,$2401537.00,,TOT
316,Vit Krejci\krejcvi01,21,,0.6,$2401537.00,,Oklahoma City Thunder
317,Arnoldas Kulboka\kulboar01,24,,0,$2401537.00,,Charlotte Hornets
318,Jonathan Kuminga\kuminjo01,19,,3,$2401537.00,,Golden State Warriors
319,Kyle Kuzma\kuzmaky01,26,,2,$7310000.00,$5155000.00,Washington Wizards
320,Anthony Lamb\lamban01,24,,0,$2389641.00,,San Antonio Spurs
321,Jeremy Lamb\lambje01,29,,1.2,$2389641.00,,TOT
322,Jock Landale\landajo01,26,,1.5,$2389641.00,,San Antonio Spurs
323,Romeo Langford\langfro01,22,,1.3,$2389641.00,,TOT
324,Zach LaVine\lavinza01,26,,5.8,$2389641.00,,Chicago Bulls
325,Jake Layman\laymaja01,27,,0.1,$5256308.00,$2866667.00,Minnesota Timberwolves
326,Damion Lee\leeda03,29,,2.7,$2389641.00,,Golden State Warriors
327,Saben Lee\leesa01,22,,0.9,$2353320.00,$2471160.00,Detroit Pistons
328,Alex Len\lenal01,28,,0.9,$2353320.00,$2471160.00,Sacramento Kings
329,Caris LeVert\leverca01,27,,2.2,$2327220.00,$2443581.00,TOT
330,Kira Lewis Jr.\lewiski01,20,,-0.1,$2316240.00,$4171548.00,New Orleans Pelicans
331,Scottie Lewis\lewissc01,21,,0,$2303040.00,$2412840.00,Charlotte Hornets
332,Damian Lillard\lillada01,31,,1.7,$2259240.00,$2372160.00,Portland Trail Blazers
333,Nassir Little\littlna01,21,,1.7,$2245400.00,,Portland Trail Blazers
334,Isaiah Livers\liveris01,23,,0.7,$2239544.00,,Detroit Pistons
335,Kevon Looney\looneke01,25,,6.8,$2239544.00,,Golden State Warriors
336,Brook Lopez\lopezbr01,33,,0.7,$2239200.00,$4037278.00,Milwaukee Bucks
337,Robin Lopez\lopezro01,33,,0.8,$2210640.00,$2316240.00,Orlando Magic
338,Didi Louzada\louzama01,22,,0,$2197674.00,$2302326.00,TOT
339,Kevin Love\loveke01,33,,5.7,$2168760.00,$2277000.00,Cleveland Cavaliers
340,Kyle Lowry\lowryky01,35,,6.4,$2161440.00,$3901399.00,Miami Heat
341,Gabriel Lundberg\lundbga01,27,,0,$2161152.00,,Phoenix Suns
342,Timothé Luwawu-Cabarrot\luwawti01,26,,0.9,$2145720.00,$3873025.00,Atlanta Hawks
343,Trey Lyles\lylestr01,26,,3.5,$2137440.00,$2239200.00,TOT
344,Théo Maledon\maledth01,20,,0.3,$2130240.00,$3845083.00,Oklahoma City Thunder
345,Sandro Mamukelashvili\mamuksa01,22,,1.1,$2096880.00,$2201400.00,Milwaukee Bucks
346,Terance Mann\mannte01,25,,5.5,$2089448.00,,Los Angeles Clippers
347,Tre Mann\manntr01,20,,0.1,$2089448.00,,Oklahoma City Thunder
348,Boban Marjanović\marjabo01,33,,0.1,$2089448.00,,Dallas Mavericks
349,Lauri Markkanen\markkla01,24,,5,$2075880.00,$2174880.00,Cleveland Cavaliers
350,Naji Marshall\marshna01,24,,0.8,$2063280.00,$2161440.00,New Orleans Pelicans
351,Caleb Martin\martica02,26,,4,$2048040.00,$2145720.00,Miami Heat
352,Cody Martin\martico01,26,,3.9,$2036280.00,$2138160.00,Charlotte Hornets
353,Kelan Martin\martike03,26,,0,$2033160.00,$2130240.00,TOT
354,Kenyon Martin Jr.\martike04,21,,2.9,$2023800.00,$2125200.00,Houston Rockets
355,Garrison Mathews\mathega01,25,,2.8,$2009040.00,$2109360.00,Houston Rockets
356,Dakota Mathias\mathida01,26,,0,$2000000.00,$2000000.00,Memphis Grizzlies
357,Wesley Matthews\matthwe02,35,,1.2,$2000000.00,$2000000.00,Milwaukee Bucks
358,Tyrese Maxey\maxeyty01,21,,7.3,$2000000.00,,Philadelphia 76ers
359,Skylar Mays\mayssk01,24,,0.3,$2000000.00,$1900000.00,Atlanta Hawks
360,Miles McBride\mcbrimi01,21,,0.2,$2000000.00,$2000000.00,New York Knicks
361,Mac McClung\mccluma01,23,,0,$1994520.00,$2094240.00,TOT
362,CJ McCollum\mccolcj01,30,,3.6,$1977011.00,,TOT
363,T.J. McConnell\mccontj01,29,,1.3,$1958501.00,,Indiana Pacers
364,Jaden McDaniels\mcdanja02,21,,2.4,$1939350.00,,Minnesota Timberwolves
365,Jalen McDaniels\mcdanja01,24,,1.7,$2541217.00,,Charlotte Hornets
366,Doug McDermott\mcderdo01,30,,1.6,$1939350.00,,San Antonio Spurs
367,JaVale McGee\mcgeeja01,34,,4.9,$1939350.00,,Phoenix Suns
368,Cameron McGriff\mcgrica01,24,,0.1,$1910860.00,,Portland Trail Blazers
369,Rodney McGruder\mcgruro01,30,,1.2,$1910860.00,,Detroit Pistons
370,Alfonzo McKinnie\mckinal01,29,,-0.1,$1865547.00,,Chicago Bulls
371,JaQuori McLaughlin\mclauja01,24,,0,$1846738.00,$1997718.00,Dallas Mavericks
372,Jordan McLaughlin\mclaujo01,25,,2.3,$1802057.00,,Minnesota Timberwolves
373,Ben McLemore\mclembe01,28,,0.8,$1802057.00,,Portland Trail Blazers
374,De'Anthony Melton\meltode01,23,,3.7,$1789256.00,,Memphis Grizzlies
375,Sam Merrill\merrisa01,25,,0,$1789256.00,,Memphis Grizzlies
376,Chimezie Metu\metuch01,24,,1.5,$1789256.00,,Sacramento Kings
377,Khris Middleton\middlkh01,30,,5.3,$1789256.00,$2036318.00,Milwaukee Bucks
378,C.J. Miles\milescj01,34,,0,$1789256.00,$2036318.00,Boston Celtics
379,Patty Mills\millspa02,33,,2.8,$1786878.00,$1876222.00,Brooklyn Nets
380,Paul Millsap\millspa01,36,,0.5,$1782621.00,$1930681.00,TOT
381,Shake Milton\miltosh01,25,,1.7,$1782621.00,$1930681.00,Philadelphia 76ers
382,Davion Mitchell\mitchda01,23,,0.1,$1782621.00,,Sacramento Kings
383,Donovan Mitchell\mitchdo01,25,,7.2,$1782621.00,,Utah Jazz
384,Evan Mobley\mobleev01,20,,5.2,$76744.00,$1815677.00,Cleveland Cavaliers
385,Malik Monk\monkma01,23,,3.6,$1782621.00,,Los Angeles Lakers
386,Greg Monroe\monrogr01,31,,0.7,$1782621.00,,TOT
387,Moses Moody\moodymo01,19,,1.3,$1782621.00,,Golden State Warriors
388,Xavier Moon\moonxa01,27,,0.3,$1782621.00,$1930681.00,Los Angeles Clippers
389,Matt Mooney\moonema01,24,,0,$1782621.00,$1930681.00,New York Knicks
390,Ja Morant\moranja01,22,,6.7,$1782621.00,$1930681.00,Memphis Grizzlies
391,Juwan Morgan\morgaju01,24,,0.1,$1782621.00,$1930681.00,TOT
392,Jaylen Morris\morrija01,26,,-0.1,$1782621.00,,San Antonio Spurs
393,Marcus Morris\morrima03,32,,2.4,$1782621.00,$1930681.00,Los Angeles Clippers
394,Markieff Morris\morrima02,32,,0.3,$1782621.00,$1930681.00,Miami Heat
395,Monte Morris\morrimo01,26,,5.4,$1762796.00,,Denver Nuggets
396,Emmanuel Mudiay\mudiaem01,25,,0,$1762796.00,$1910860.00,Sacramento Kings
397,Mychal Mulder\muldemy01,27,,-0.2,$1762769.00,,TOT
398,Ade Murkey\murkead01,24,,0,$1729217.00,$1878720.00,Sacramento Kings
399,Trey Murphy III\murphtr02,21,,1.9,$1729217.00,$1878720.00,New Orleans Pelicans
400,Dejounte Murray\murrade01,25,,7.3,$1729217.00,$1878720.00,San Antonio Spurs
401,Mike Muscala\muscami01,30,,2.1,$1729217.00,$1878720.00,Oklahoma City Thunder
402,Svi Mykhailiuk\mykhasv01,24,,0.8,$1729217.00,,Toronto Raptors
403,Abdel Nader\naderab01,28,,0,$3430810.00,,Phoenix Suns
404,Larry Nance Jr.\nancela02,29,,2.3,$1701593.00,,TOT
405,RJ Nembhard Jr.\nembhrj01,22,,0,$1720779.00,,Cleveland Cavaliers
406,Aaron Nesmith\nesmiaa01,22,,0.4,$1701593.00,$1846738.00,Boston Celtics
407,Raul Neto\netora01,29,,1.5,$3430810.00,,Washington Wizards
408,Malik Newman\newmama01,24,,0,$1700000.00,$1785000.00,Cleveland Cavaliers
409,Georges Niang\niangge01,28,,2.8,$1690507.00,,Philadelphia 76ers
410,Daishen Nix\nixda01,19,,-0.2,$1669178.00,$1815677.00,Houston Rockets
411,Zeke Nnaji\nnajize01,21,,1.8,$1669178.00,$1815677.00,Denver Nuggets
412,Nerlens Noel\noelne01,27,,1.5,$1669178.00,$1815677.00,New York Knicks
413,Jaylen Nowell\nowelja01,22,,2.8,$1669178.00,$1815677.00,Minnesota Timberwolves
414,Frank Ntilikina\ntilila01,23,,0.9,$1669178.00,,Dallas Mavericks
415,Jusuf Nurkić\nurkiju01,27,,3.6,$1669178.00,,Portland Trail Blazers
416,David Nwaba\nwabada01,29,,1.3,$1517981.00,$1782621.00,Houston Rockets
417,Jordan Nwora\nworajo01,23,,0.6,$1517981.00,$1782621.00,Milwaukee Bucks
418,Royce O'Neale\onealro01,28,,5.5,$1517981.00,$1782621.00,Utah Jazz
419,Semi Ojeleye\ojelese01,27,,0.2,$1517981.00,$1782621.00,TOT
420,Chuma Okeke\okekech01,23,,2.2,$1517981.00,,Orlando Magic
421,Josh Okogie\okogijo01,23,,0.7,$1517981.00,,Minnesota Timberwolves
422,Onyeka Okongwu\okongon01,21,,4.2,$1517981.00,,Atlanta Hawks
423,Isaac Okoro\okorois01,21,,4.2,$1517981.00,,Cleveland Cavaliers
424,KZ Okpala\okpalkz01,22,,0.5,$1517981.00,$1782621.00,Miami Heat
425,Victor Oladipo\oladivi01,29,,0.4,$1517981.00,$1782621.00,Miami Heat
426,Cameron Oliver\oliveca01,25,,0.2,$1517981.00,,Atlanta Hawks
427,Kelly Olynyk\olynyke01,30,,1.6,$1517981.00,$1782621.00,Detroit Pistons
428,Eugene Omoruyi\omorueu01,24,,0.1,$1517981.00,,Dallas Mavericks
429,Miye Oni\onimi01,24,,0,$1517981.00,$1782621.00,Utah Jazz
430,Cedi Osman\osmande01,26,,2.9,$1517981.00,$1782621.00,Cleveland Cavaliers
431,Daniel Oturu\oturuda01,22,,0.1,$1517981.00,$1782621.00,Toronto Raptors
432,Kelly Oubre Jr.\oubreke01,26,,3.3,$1517981.00,$1782621.00,Charlotte Hornets
433,Jaysean Paige\paigeja01,27,,-0.1,$1500000.00,$1563518.00,Detroit Pistons
434,Trayvon Palmer\palmetr01,27,,0,$1500000.00,$1563518.00,Detroit Pistons
435,Kevin Pangos\pangoke01,29,,0.1,$1489065.00,$1752638.00,Cleveland Cavaliers
436,Jabari Parker\parkeja01,26,,0.3,$1489065.00,$1752638.00,Boston Celtics
437,Eric Paschall\pascher01,25,,2,$1625991.00,$1752638.00,Utah Jazz
438,Chris Paul\paulch01,36,,9.4,$1456666.00,,Phoenix Suns
439,Cameron Payne\payneca01,27,,1.9,$2045094.00,,Phoenix Suns
440,Elfrid Payton\paytoel01,27,,-0.2,$1366392.00,,Phoenix Suns
441,Gary Payton II\paytoga02,29,,5.2,$4000000.00,$4000000.00,Golden State Warriors
442,Norvel Pelle\pelleno01,28,,0,$1252127.00,,Utah Jazz
443,Reggie Perry\perryre01,21,,0.2,$1250000.00,$1563518.00,TOT
444,Jamorko Pickett\pickeja01,24,,0.1,$1093598.00,$1815677.00,Detroit Pistons
445,Theo Pinson\pinsoth01,26,,0.4,$1090007.00,,Dallas Mavericks
446,Mason Plumlee\plumlma01,31,,4.7,$1068288.00,,Charlotte Hornets
447,Jakob Poeltl\poeltja01,26,,6.9,$1062303.00,$1563518.00,San Antonio Spurs
448,Aleksej Pokusevski\pokusal01,20,,0.4,$1057260.00,$1563518.00,Oklahoma City Thunder
449,Yves Pons\ponsyv01,22,,0,$1039080.00,,Memphis Grizzlies
450,Jordan Poole\poolejo01,22,,6,$1000000.00,$1563518.00,Golden State Warriors
451,Kevin Porter Jr.\porteke02,21,,0.8,$10720900.00,,Houston Rockets
452,Michael Porter Jr.\portemi01,23,,-0.2,$999200.00,$999200.00,Denver Nuggets
453,Otto Porter Jr.\porteot01,28,,4.9,$958529.00,$2193920.00,Golden State Warriors
454,Bobby Portis\portibo01,26,,5.5,$925258.00,$1563518.00,Milwaukee Bucks
455,Kristaps Porziņģis\porzikr01,26,,5.6,$925258.00,$1563518.00,TOT
456,Micah Potter\pottemi01,23,,0,$925258.00,$1563518.00,Detroit Pistons
457,Dwight Powell\poweldw01,30,,8.2,$925258.00,$1563518.00,Dallas Mavericks
458,Myles Powell\powelmy01,24,,-0.1,$925258.00,$1563518.00,Philadelphia 76ers
459,Norman Powell\powelno01,28,,2.8,$925258.00,$1563518.00,TOT
460,Joshua Primo\primojo01,19,,0,$925258.00,$1563518.00,San Antonio Spurs
461,Taurean Prince\princta02,27,,2.2,$925258.00,$1563518.00,Minnesota Timberwolves
462,Payton Pritchard\pritcpa01,24,,3.1,$925258.00,$1563518.00,Boston Celtics
463,Trevelin Queen\queentr01,24,,0.1,$925258.00,$1563518.00,Houston Rockets
464,Neemia Queta\quetane01,22,,0.1,$925258.00,,Sacramento Kings
465,Immanuel Quickley\quickim01,22,,4.2,$925258.00,,New York Knicks
466,Jahmi'us Ramsey\ramseja01,20,,-0.1,$924730.00,,Sacramento Kings
467,Julius Randle\randlju01,27,,3.1,$888616.00,$2351521.00,New York Knicks
468,Austin Reaves\reaveau01,23,,2.9,$850331.00,,Los Angeles Lakers
469,Cam Reddish\reddica01,22,,1,$785102.00,,TOT
470,Davon Reed\reedda01,26,,1.6,$20168742.00,,Denver Nuggets
471,Paul Reed\reedpa01,22,,1.3,$705598.00,,Philadelphia 76ers
472,Naz Reid\reidna01,22,,3.2,$705598.00,,Minnesota Timberwolves
473,Nick Richards\richani01,24,,1,$1290481.00,,Charlotte Hornets
474,Josh Richardson\richajo01,28,,3.5,$666666.00,,TOT
475,Austin Rivers\riverau01,29,,1.2,$663024.00,,Denver Nuggets
476,Duncan Robinson\robindu01,27,,3.9,$2045094.00,,Miami Heat
477,Justin Robinson\robinju01,24,,-0.3,$7622467.00,$333333.00,TOT
478,Mitchell Robinson\robinmi01,23,,8.5,$1290481.00,,New York Knicks
479,Jeremiah Robinson-Earl\robinje02,21,,1.5,$606702.00,,Oklahoma City Thunder
480,Isaiah Roby\robyis01,23,,2.9,$2541217.00,,Oklahoma City Thunder
481,Rajon Rondo\rondora01,35,,0.7,$11109327.00,$7827907.00,TOT
482,Derrick Rose\rosede01,33,,1.4,$586136.00,,New York Knicks
483,Terrence Ross\rosste01,30,,0.3,$558345.00,,Orlando Magic
484,Terry Rozier\roziete01,27,,5.9,$527614.00,,Charlotte Hornets
485,Ricky Rubio\rubiori01,31,,1.3,$10468119.00,,Cleveland Cavaliers
486,D'Angelo Russell\russeda01,25,,4.4,$462629.00,,Minnesota Timberwolves
487,Matt Ryan\ryanma01,24,,0,$4107149.00,$3925000.00,Boston Celtics
488,Domantas Sabonis\sabondo01,25,,7.1,$377645.00,,TOT
489,Olivier Sarr\sarrol01,22,,1,$364533.00,,Oklahoma City Thunder
490,Tomáš Satoranský\satorto01,30,,1,$350000.00,,TOT
491,Jordan Schakel\schakjo01,23,,-0.1,$313737.00,$1563518.00,Washington Wizards
492,Admiral Schofield\schofad01,24,,0.3,,,Orlando Magic
493,Dennis Schröder\schrode01,28,,2.9,$292466.00,$1563518.00,TOT
494,Tre Scott\scotttr01,25,,0,$290967.00,$1752638.00,Cleveland Cavaliers
495,Jay Scrubb\scrubja01,21,,0,$276039.00,,Los Angeles Clippers
496,Wayne Selden\seldewa01,27,,0,$260561.00,$1563518.00,New York Knicks
497,Alperen Şengün\sengual01,19,,2.1,$8558.00,,Houston Rockets
498,Collin Sexton\sextoco01,23,,-0.1,$231062.00,$1752638.00,Cleveland Cavaliers
499,Landry Shamet\shamela01,24,,2.6,$202068.00,,Phoenix Suns
500,Day'Ron Sharpe\sharpda01,20,,1.2,$153488.00,,Brooklyn Nets
501,Pascal Siakam\siakapa01,27,,8.1,$1366392.00,,Toronto Raptors
502,Chris Silva\silvach01,25,,0.3,$1290481.00,,TOT
503,Marko Simonovic\simonma01,22,,0,$1290481.00,,Chicago Bulls
504,Anfernee Simons\simonan01,22,,1.9,$1290481.00,,Portland Trail Blazers
505,Zavier Simpson\simpsza01,24,,-0.1,$924730.00,,Oklahoma City Thunder
506,Jericho Sims\simsje01,23,,1.5,$924730.00,,New York Knicks
507,Deividas Sirvydis\sirvyde01,21,,-0.1,$924730.00,,Detroit Pistons
508,Javonte Smart\smartja01,22,,-0.2,$924730.00,,TOT
509,Marcus Smart\smartma01,27,,5.6,$276039.00,,Boston Celtics
510,Dennis Smith Jr.\smithde03,24,,0.4,$276039.00,,Portland Trail Blazers
511,Ish Smith\smithis01,33,,0.5,,,TOT
512,Jalen Smith\smithja04,21,,2.8,,,TOT
513,Xavier Sneed\sneedxa01,24,,0,$55208.00,,TOT
514,Tony Snell\snellto01,30,,0.4,$55208.00,,TOT
515,Jaden Springer\sprinja01,19,,0,$55208.00,,Philadelphia 76ers
516,Cassius Stanley\stanlca01,22,,0.1,$55208.00,,Detroit Pistons
517,Nik Stauskas\stausni01,28,,0.1,$276039.00,,TOT
518,Lance Stephenson\stephla01,31,,0.8,$924730.00,,TOT
519,Lamar Stevens\stevela01,24,,1.6,$1625991.00,$1752638.00,Cleveland Cavaliers
520,Isaiah Stewart\stewais01,20,,3.4,$276039.00,,Detroit Pistons
521,Max Strus\strusma01,25,,3.6,$122741.00,$122741.00,Miami Heat
522,Jalen Suggs\suggsja01,20,,-1.6,$888616.00,$2351521.00,Orlando Magic
523,Craig Sword\swordcr01,28,,0.1,$888616.00,$2351521.00,Washington Wizards
524,Keifer Sykes\sykeske01,28,,-0.5,$888616.00,$2351521.00,Indiana Pacers
525,Jae'Sean Tate\tateja01,26,,3,$888616.00,$2351521.00,Houston Rockets
526,Jayson Tatum\tatumja01,23,,9.6,$958529.00,$2193920.00,Boston Celtics
527,Terry Taylor\taylote01,22,,2.4,$958529.00,$2193920.00,Indiana Pacers
528,Garrett Temple\templga01,35,,0.8,$958529.00,$2193920.00,New Orleans Pelicans
529,Emanuel Terry\terryem01,25,,-0.1,$2045094.00,,Phoenix Suns
530,Tyrell Terry\terryty01,21,,0,$2045094.00,,Memphis Grizzlies
531,Jon Teske\teskejo01,24,,0,$2045094.00,,Memphis Grizzlies
532,Daniel Theis\theisda01,29,,1.9,$2045094.00,,TOT
533,Brodric Thomas\thomabr01,25,,0.1,,,Boston Celtics
534,Cam Thomas\thomaca02,20,,0.8,$586136.00,,Brooklyn Nets
535,Isaiah Thomas\thomais02,32,,0.2,$586136.00,,TOT
536,Matt Thomas\thomama02,27,,0.6,$606702.00,,Chicago Bulls
537,Klay Thompson\thompkl01,31,,1.8,$606702.00,,Golden State Warriors
538,Tristan Thompson\thomptr01,30,,1.6,$1090007.00,,TOT
539,JT Thor\thorjt01,19,,0.3,$1090007.00,,Charlotte Hornets
540,Matisse Thybulle\thybuma01,24,,3.7,$1068288.00,,Philadelphia 76ers
541,Killian Tillie\tilliki02,23,,0.6,$100000.00,$1752638.00,Memphis Grizzlies
542,Xavier Tillman Sr.\tillmxa01,23,,1.8,$1762796.00,,Memphis Grizzlies
543,Isaiah Todd\toddis01,20,,-0.2,$1762796.00,,Washington Wizards
544,Obi Toppin\toppiob01,23,,3.9,$1762796.00,,New York Knicks
545,Juan Toscano-Anderson\toscaju01,28,,2,$1762796.00,,Golden State Warriors
546,Karl-Anthony Towns\townska01,26,,10.3,$1762796.00,,Minnesota Timberwolves
547,Gary Trent Jr.\trentga02,23,,5.6,$705598.00,,Toronto Raptors
548,P.J. Tucker\tuckepj01,36,,5,$705598.00,,Miami Heat
549,Rayjon Tucker\tuckera01,24,,0.4,$29814.00,$1878720.00,TOT
550,Myles Turner\turnemy01,25,,3.1,$29814.00,$1878720.00,Indiana Pacers
551,Jonas Valančiūnas\valanjo01,29,,7.3,,,New Orleans Pelicans
552,Denzel Valentine\valende01,28,,0.2,$705598.00,,TOT
553,Jarred Vanderbilt\vandeja01,22,,6,$705598.00,,Minnesota Timberwolves
554,Fred VanVleet\vanvlfr01,27,,6.7,$29814.00,$1878720.00,Toronto Raptors
555,Devin Vassell\vassede01,21,,3.3,,,San Antonio Spurs
556,Gabe Vincent\vincega01,25,,2.5,$29814.00,$1878720.00,Miami Heat
557,Nikola Vučević\vucevni01,31,,4.5,,,Chicago Bulls
558,Dean Wade\wadede01,25,,2.3,,,Cleveland Cavaliers
559,Franz Wagner\wagnefr01,20,,4,,,Orlando Magic
560,Moritz Wagner\wagnemo01,24,,2.8,$1720779.00,,Orlando Magic
561,Ish Wainright\wainris01,27,,0.6,$1720779.00,,Phoenix Suns
562,Kemba Walker\walkeke02,31,,1.8,,,New York Knicks
563,Lonnie Walker IV\walkelo01,23,,1.2,,,San Antonio Spurs
564,M.J. Walker\walkemj01,23,,0,$19186.00,$1815677.00,Phoenix Suns
565,Tyrone Wallace\wallaty01,27,,-0.1,$19186.00,$1815677.00,New Orleans Pelicans
566,Derrick Walton\waltode01,26,,-0.2,,,Detroit Pistons
567,Brad Wanamaker\wanambr01,32,,0,$850331.00,,TOT
568,Duane Washington Jr.\washidu02,21,,0,,,Indiana Pacers
569,P.J. Washington\washipj01,23,,3.4,$28779.00,$1815677.00,Charlotte Hornets
570,YUtah Jazz Watanabe\watanyu01,27,,0.7,,,Toronto Raptors
571,LIndiana Pacersy Waters III\waterli01,24,,0.8,$28779.00,$1815677.00,Oklahoma City Thunder
572,Tremont Waters\watertr01,24,,0,,,TOT
573,Trendon Watford\watfotr01,21,,1.9,,,Portland Trail Blazers
574,Paul Watson\watsopa01,27,,0,$92857.00,$92857.00,Oklahoma City Thunder
575,Quinndary Weatherspoon\weathqu01,25,,0.2,$290967.00,$1752638.00,Golden State Warriors
576,Russell Westbrook\westbru01,33,,1.7,$290967.00,$1752638.00,Los Angeles Lakers
577,Coby White\whiteco01,21,,2.4,$290967.00,$1752638.00,Chicago Bulls
578,Derrick White\whitede01,27,,5.1,$231062.00,$1752638.00,TOT
579,Hassan Whiteside\whiteha01,32,,5.8,$231062.00,$1752638.00,Utah Jazz
580,Joe Wieskamp\wieskjo01,22,,0.1,$1625991.00,$1752638.00,San Antonio Spurs
581,Aaron Wiggins\wiggiaa01,23,,1.2,$1625991.00,$1752638.00,Oklahoma City Thunder
582,Andrew Wiggins\wiggian01,26,,5.1,$100000.00,$1752638.00,Golden State Warriors
583,Lindell Wigginton\wiggili01,23,,0.2,,,Milwaukee Bucks
584,Brandon Williams\willibr03,22,,-0.5,,,Portland Trail Blazers
585,Grant Williams\willigr01,23,,5.1,$1517981.00,$1782621.00,Boston Celtics
586,Kenrich Williams\willike04,27,,1.8,,,Oklahoma City Thunder
587,Lou Williams\willilo02,35,,0.6,,,Atlanta Hawks
588,Patrick Williams\willipa01,20,,0.9,$76744.00,$1815677.00,Chicago Bulls
589,Robert Williams\williro04,24,,9.9,$58493.00,,Boston Celtics
590,Ziaire Williams\willizi02,20,,2.2,$55208.00,,Memphis Grizzlies
591,D.J. Wilson\wilsodj01,25,,0.4,,,Toronto Raptors
592,Dylan Windler\windldy01,25,,0.8,,,Cleveland Cavaliers
593,Justise Winslow\winslju01,25,,0.8,,,TOT
594,Cassius Winston\winstca01,23,,0,,,Washington Wizards
595,Christian Wood\woodch01,26,,4.9,,,Houston Rockets
596,Robert Woodard II\woodaro01,22,,-0.1,,,Sacramento Kings
597,Delon Wright\wrighde01,29,,3.6,,,Atlanta Hawks
598,McKinley Wright IV\wrighmc01,23,,0,,,Minnesota Timberwolves
599,Moses Wright\wrighmo01,23,,0.1,$462629.00,,TOT
600,Gabe York\yorkga01,28,,0,,,Indiana Pacers
601,Thaddeus Young\youngth01,33,,2.2,,,TOT
602,Trae Young\youngtr01,23,,10,,,Atlanta Hawks
603,Omer Yurtseven\yurtsom01,23,,2.1,,,Miami Heat
604,Cody Zeller\zelleco01,29,,1.1,,,Portland Trail Blazers
605,Ivica Zubac\zubaciv01,24,,7.2,,,Los Angeles Clippers