Rk,Player,age,proPic,WS,salary,projSalary
1,Precious Achiuwa\achiupr01,22,,2.5,$45780966,$48070014
2,Steven Adams\adamsst01,28,,6.8,$44310840,$47366760
3,Bam Adebayo\adebaba01,24,,7.2,$44211146,$47063478
4,Santi Aldama\aldamsa01,21,,0.3,$43848000,$46872000
5,LaMarcus Aldridge\aldrila01,36,,3.1,$41180544,$44474988
6,Nickeil Alexander-Walker\alexani01,23,,0.1,$40918900,$44119845
7,Grayson Allen\allengr01,26,,4.2,$39344970,$42492568
8,Jarrett Allen\allenja01,23,,8.5,$39344970,$42492568
9,Jose Alvarado\alvarjo01,23,,2.1,$39344900,$42492492
10,Justin Anderson\anderju01,28,,0.4,$39344900,$42492492
11,Kyle Anderson\anderky01,28,,3.5,$37980720,$40600080
12,Giannis Antetokounmpo\antetgi01,27,,12.9,$36016200,$37653300
13,Thanasis Antetokounmpo\antetth01,29,,0.9,$36000000,$38482759
14,Carmelo Anthony\anthoca01,37,,3.6,$35500000,$37948276
15,Cole Anthony\anthoco01,21,,1.6,$35361360,$37980720
16,OG Anunoby\anunoog01,24,,3.7,$35344828,$38172414
17,Ryan Arcidiacono\arcidry01,27,,0.1,$34916200,$36503300
18,Trevor Ariza\arizatr01,36,,0.2,$34502130,$37262300
19,D.J. Augustin\augusdj01,34,,0.8,$31650600,$33833400
20,Deni Avdija\avdijde01,21,,2.4,$31610000,$33790000
21,Joel Ayayi\ayayijo01,21,,0,$31610000,$33790000
22,Deandre Ayton\aytonde01,23,,7.3,$31590000,$33930000
23,Udoka Azubuike\azubuud01,22,,0.6,$31590000,$33930000
24,Marvin Bagley III\baglema01,22,,2,$31579390,$33616770
25,LaMelo Ball\ballla01,20,,5.8,$31579390,$33616770
26,Lonzo Ball\balllo01,24,,2.2,$31320000,$33640000
27,Mo Bamba\bambamo01,23,,4.5,$31300000,$28900000
28,Desmond Bane\banede01,23,,7.2,$30864198,$33333333
29,Dalano Banton\bantoda01,22,,0.4,$30800000,$28400000
30,Cat Barber\barbeca01,27,,-0.1,$30510423,$32478837
31,Harrison Barnes\barneha02,29,,6,$30133333,$32393333
32,Scottie Barnes\barnesc01,20,,6.6,$30013500,$31377750
33,RJ Barrett\barrerj01,21,,2.3,$29900000,$30100000
34,Will Barton\bartowi01,31,,3.2,$32405817,
35,Paris Bass\basspa01,26,,0,$29467800,$31650600
36,Charles Bassey\bassech01,21,,0.8,$28103550,$30351834
37,Keita Bates-Diop\bateske01,26,,1.6,$28103550,$30351834
38,Nicolas Batum\batumni01,33,,3.7,$28103550,$30351834
39,Kent Bazemore\bazemke01,32,,0.1,$28103550,$30351834
40,Darius Bazley\bazleda01,21,,1.8,$27000000,$26500000
41,Bradley Beal\bealbr01,28,,1.4,$26984128,$28333334
42,Malik Beasley\beaslma01,25,,2.9,$34967442,$36596549
43,Jordan Bell\belljo01,27,,0,$26000000,$27300000
44,DeAndre' Bembry\bembrde01,27,,2.2,$24830357,$26669643
45,Dāvis Bertāns\bertada01,29,,0.9,$24026712,$25806469
46,Patrick Beverley\beverpa01,33,,4.1,$24000000,$22000000
47,Saddiq Bey\beysa01,22,,4,$23000000,$23500000
48,Khem Birch\birchkh01,29,,2.6,$22477273,$20522727
49,Goga Bitadze\bitadgo01,22,,1.9,$21700000,$22600000
50,Bismack Biyombo\biyombi01,29,,1.8,$21306816,$19602273
51,Nemanja Bjelica\bjeline01,33,,3,$21000000,$22680000
52,Eric Bledsoe\bledser01,32,,1.3,$20482143,
53,Keljin Blevins\blevike01,26,,-0.5,$20475000,$21450000
54,Bogdan Bogdanović\bogdabo01,29,,3.7,$20284091,$18352273
55,Bojan Bogdanović\bogdabo02,32,,5.2,$20000000,$20000000
56,Bol Bol\bolbo01,22,,0.1,$20000000,$20952381
57,Leandro Bolmaro\bolmale01,21,,0,$19800000,$23760000
58,Isaac Bonga\bongais01,22,,0.1,$19675926,$21250000
59,Devin Booker\bookede01,25,,7.6,$19500000,
60,Brandon Boston Jr.\bostobr01,20,,0.4,$20168742,
61,Chris Boucher\bouchch01,29,,6,$18700000,$19550000
62,James Bouknight\bouknja01,21,,0,$18604651,$19534884
63,Avery Bradley\bradlav01,31,,1.2,$18562500,$19937500
64,Tony Bradley\bradlto01,24,,1.3,$18218818,$19568360
65,Ignas Brazdeikis\brazdig01,23,,0.5,$18139535,$19046512
66,Mikal Bridges\bridgmi01,25,,8.9,$18125000,$19375000
67,Miles Bridges\bridgmi02,23,,7.2,$18000000,$18000000
68,Oshae Brissett\brissos01,23,,2.2,$18000000,$18000000
69,Malcolm Brogdon\brogdma01,29,,2.7,$17905263,$21486316
70,Armoni Brooks\brookar01,23,,0.2,$17809524,
71,Dillon Brooks\brookdi01,26,,1.6,$17500000,$18796296
72,Bruce Brown\brownbr01,25,,4.8,$17400000,$17400000
73,Charlie Brown Jr.\brownch02,24,,0,$17357143,$18642857
74,Chaundee Brown Jr.\brownch05,23,,0,$17142857,$18000000
75,Greg Brown III\browngr01,20,,0.4,$17103448,$18206897
76,Jaylen Brown\brownja02,25,,5.8,$17073171,$17926829
77,Moses Brown\brownmo01,22,,1.2,$16500000,$16500000
78,Sterling Brown\brownst02,26,,0.8,$16409091,$19690909
79,Troy Brown Jr.\browntr01,22,,1.4,$16071429,$17357143
80,Jalen Brunson\brunsja01,25,,7.5,$16000000,$16000000
81,Thomas Bryant\bryanth01,24,,1.1,$16000000,$17280000
82,Shaq Buchanan\buchash01,25,,0,$15690909,$16475454
83,Reggie Bullock\bullore01,30,,3.2,$15627907,$16372093
84,Trey Burke\burketr01,29,,0,$15560000,$16902000
85,Alec Burks\burksal01,30,,6.1,$15517242,$16758621
86,Jared Butler\butleja02,21,,0.4,$15428571,$16571429
87,Jimmy Butler\butleji01,32,,9.2,$15384615,$16615385
88,Devontae Cacok\cacokde01,25,,0.5,$15178571,$16392857
89,Kentavious Caldwell-Pope\caldwke01,28,,2.8,$15057692,
90,Facundo Campazzo\campafa01,30,,2,$14391964,$15458035
91,Vlatko Čančar\cancavl01,24,,0.4,$14339285,$16607142
92,Devin Cannady\cannade01,25,,0.1,$14320988,$13000000
93,Clint Capela\capelca01,27,,8.3,$14190000,
94,Vernon Carey Jr.\careyve01,20,,0.1,$14000000,$14700000
95,Jevon Carter\carteje01,26,,1.2,$14000000,
96,Wendell Carter Jr.\cartewe01,22,,5,$13750000,$13750000
97,Alex Caruso\carusal01,27,,2,$13666667,$14317459
98,Willie Cauley-Stein\caulewi01,28,,0.2,$13445120,$14520730
99,Ahmad Caver\caverah01,25,,0,$13302325,$13906976
100,Justin Champagnie\champju01,20,,0.8,$13038862,$14004703
101,Zylan Cheatham\cheatzy01,26,,-0.1,$13000000,$13000000
102,Chris Chiozza\chiozch01,26,,0,$12975471,
103,Marquese Chriss\chrisma01,24,,0.8,$12727273,$13745455
104,Josh Christopher\chrisjo01,20,,0.3,$12690000,
105,Gary Clark\clarkga01,27,,0.7,$12632950,
106,Brandon Clarke\clarkbr01,25,,6.3,$12500000,$11500000
107,Jordan Clarkson\clarkjo01,29,,3.5,$12420000,$13340000
108,Nic Claxton\claxtni01,22,,3.5,$12200000,$11400000
109,Amir Coffey\coffeam01,24,,3.8,$12195122,$12804878
110,John Collins\collijo01,24,,5.1,$12000000,$12600000
111,Zach Collins\colliza01,24,,1.2,$12000000,$12960000
112,Darren Collison\collida01,34,,-0.1,$12000000,
113,Mike Conley\conlemi01,34,,6.7,$11615328,$12196094
114,Pat Connaughton\connapa01,29,,4.4,$11312114,
115,Tyler Cook\cookty01,24,,0.5,$11000000,$11550000
116,Sharife Cooper\coopesh01,20,,-0.2,$11000000,$11814815
117,Petr Cornelie\cornepe01,26,,0,$10733400,$13534817
118,DeMarcus Cousins\couside01,31,,1.6,$10690909,$9672727
119,Robert Covington\covinro01,31,,3.2,$10500000,
120,Torrey Craig\craigto01,31,,2.3,$10384500,$11215260
121,Jae Crowder\crowdja01,31,,4.3,$10384500,$11215260
122,Jarrett Culver\culveja01,22,,0.1,$10245480,$10733400
123,Jarron Cumberland\cumbeja01,24,,0,$10174391,$35700000
124,Cade Cunningham\cunnica01,20,,-0.5,$10050120,$10552800
125,Seth Curry\curryse01,31,,4.2,$10468119,
126,Stephen Curry\curryst01,33,,8,$10000000,$10000000
127,Anthony Davis\davisan02,28,,4.5,$9937150,
128,Ed Davis\davised01,32,,0.5,$9742000,
129,Terence Davis\daviste02,24,,0.5,$9720900,$10183800
130,Gabriel Deck\deckga01,26,,0.1,$9720900,$10183800
131,Dewayne Dedmon\dedmode01,32,,3.5,$10720900,
132,Sam Dekker\dekkesa01,27,,0,$9720900,
133,Javin DeLaurier\delauja01,23,,0,$9720900,
134,DeMar DeRozan\derozde01,32,,8.8,$9603360,$12119440
135,Mamadi Diakite\diakima01,25,,0.3,$9536000,$10012800
136,Cheick Diallo\diallch01,25,,0.1,$9536000,$10012800
137,Hamidou Diallo\diallha01,23,,2.1,$9500000,$10260000
138,Gorgui Dieng\dienggo01,32,,1.2,$9180560,$23437500
139,Spencer Dinwiddie\dinwisp01,28,,4.1,$9166800,$9603360
140,Donte DiVincenzo\divindo01,25,,0.7,$12213507,$12372008
141,Luka Dončić\doncilu01,22,,7.6,$9000000,$9666667
142,Luguentz Dort\dortlu01,22,,1.4,$8992200,$9441720
143,Ayo Dosunmu\dosunay01,22,,3,$8800000,$9240000
144,Damyean Dotson\dotsoda01,27,,0,$8750000,$9398148
145,Devon Dotson\dotsode01,22,,0.1,$8750000,$9000000
146,Sekou Doumbouya\doumbse01,21,,0.1,$8730159,
147,Jeff Dowtin\dowtije01,24,,0,$34967442,$36596549
148,PJ Dozier\doziepj01,25,,0.3,$8678571,$9321429
149,Goran Dragić\dragigo01,35,,0.4,$8623920,$10900635
150,Andre Drummond\drumman01,28,,5.1,$8604651,$9034884
151,Chris Duarte\duartch01,24,,0.9,$8526316,
152,David Duke Jr.\dukeda01,22,,0.3,$8437500,$9062500
153,Kris Dunn\dunnkr01,27,,0.2,$8372093,$8790698
154,Kevin Durant\duranke01,33,,8.4,$8333333,$9000000
155,Jaime Echenique\echenja01,24,,0,$8326471,$29750000
156,Anthony Edwards\edwaran01,20,,4.3,$8292683,$8707317
157,Carsen Edwards\edwarca01,23,,-0.1,$8231760,$8623920
158,Kessler Edwards\edwarke02,21,,0.6,$8186047,$8558140
159,Rob Edwards\edwarro01,25,,0,$8137500,$8525000
160,CJ Elleby\ellebcj01,21,,0.4,$8075160,$8478720
161,Wayne Ellington\ellinwa01,34,,1,$8050000,$7350000
162,Joel Embiid\embiijo01,27,,12,$11109327,$7827907
163,James Ennis III\ennisja01,31,,0.1,$7775400,$9835881
164,Drew Eubanks\eubandr01,24,,3.4,$7568742,
165,Tacko Fall\fallta01,26,,0.1,$7522200,
166,Derrick Favors\favorde01,30,,1.4,$7518518,$7518518
167,Bruno Fernando\fernabr01,23,,0.4,$7500000,$8100000
168,Dorian Finney-Smith\finnedo01,28,,6.6,$7422000,$7775400
169,Malik Fitts\fittsma01,24,,0.1,$7280520,$7644720
170,Malachi Flynn\flynnma01,23,,1,$7040880,$8920795
171,Bryn Forbes\forbebr01,28,,1.4,$7009615,
172,Aleem Ford\fordal03,24,,-0.2,$7622467,$333333
173,Trent Forrest\forretr01,23,,1.3,$7000000,$7350000
174,Evan Fournier\fournev01,29,,3.7,$6984127,$7333333
175,De'Aaron Fox\foxde01,24,,2.5,$6920027,$14150000
176,Melvin Frazier\frazime01,25,,-0.4,$6720720,$7040880
177,Tim Frazier\fraziti01,31,,-0.2,$6593040,$6922440
178,Enes Freedom\kanteen01,29,,1.4,$6500000,$6000000
179,Markelle Fultz\fultzma01,23,,0.4,$6431666,
180,Wenyen Gabriel\gabriwe01,24,,0.7,$6395160,$8109063
181,Daniel Gafford\gaffoda01,23,,6,$6350000,$6667750
182,Danilo Gallinari\gallida01,33,,3.6,$6349671,
183,Langston Galloway\gallola01,30,,-0.2,$6175440,$6632880
184,Darius Garland\garlada01,22,,6.3,$6104280,$6395160
185,Marcus Garrett\garrema01,23,,0.1,$6006420,$6292440
186,Usman Garuba\garubus01,19,,0.5,$5988000,$6287400
187,Luka Garza\garzalu01,23,,0.8,$5890000,$6184500
188,Rudy Gay\gayru01,35,,2.1,$5890000,
189,Paul George\georgpa01,31,,1.3,$5890000,$6184500
190,Taj Gibson\gibsota01,36,,2.7,$5845978,
191,Josh Giddey\giddejo01,19,,0.4,$5837760,$7413955
192,Shai Gilgeous-Alexander\gilgesh01,23,,4.6,$5573334,
193,Anthony Gill\gillan01,29,,1.4,$5572680,$5837760
194,Freddie Gillespie\gillefr01,24,,0.1,$5557725,$20089286
195,Rudy Gobert\goberru01,29,,11.7,$5495532,$29750000
196,Brandon Goodwin\goodwbr01,26,,0.7,$5466360,$5739960
197,Jordan Goodwin\goodwjo01,23,,-0.1,$5421493,
198,Aaron Gordon\gordoaa01,26,,5.2,$5348280,$6803012
199,Eric Gordon\gordoer01,33,,1.4,$5333333,$5728395
200,Devonte' Graham\grahade01,26,,2.8,$5258735,$29750000
201,Jerami Grant\grantje01,27,,2.3,$5214584,
202,Hassani Gravett\graveha01,25,,0.3,$5200000,$5200000
203,Danny Green\greenda02,34,,1.9,$5178572,
204,Draymond Green\greendr01,31,,3.6,$5170564,
205,Jalen Green\greenja05,19,,0.7,$5105160,$5348280
206,JaMychal Green\greenja01,31,,2.7,$5007840,$5258280
207,Javonte Green\greenja02,28,,4.4,$5005350,
208,Jeff Green\greenje02,35,,3.9,$5000000,
209,Josh Green\greenjo02,21,,2.4,$5000000,
210,Blake Griffin\griffbl01,32,,2.1,$5000000,$5250000
211,Quentin Grimes\grimequ01,21,,1.4,$5000000,
212,Kyle Guy\guyky01,24,,0.1,$4990000,
213,Rui Hachimura\hachiru01,23,,1.4,$4916160,$6263188
214,Tyrese Haliburton\halibty01,21,,7,$4910000,$5155500
215,Tyler Hall\hallty01,24,,0,$7310000,$5155000
216,R.J. Hampton\hamptrj01,20,,-0.2,$4910000,$5155500
217,Tim Hardaway Jr.\hardati02,29,,2,$4878049,$5121951
218,James Harden\hardeja01,32,,7.6,$2641691,
219,Maurice Harkless\harklma01,28,,0.5,$4736102,
220,Jared Harper\harpeja01,24,,0.4,$4692840,$4916160
221,Montrezl Harrell\harremo01,28,,7.3,$4675830,
222,Gary Harris\harriga01,27,,2.2,$4670160,$5954454
223,Joe Harris\harrijo01,30,,0.5,$4650000,$5022000
224,Tobias Harris\harrito02,29,,5.6,$4629630,$5000000
225,Shaquille Harrison\harrish01,28,,0,$4603320,$4833600
226,Josh Hart\hartjo01,26,,4.4,$4500000,$4725000
227,Isaiah Hartenstein\harteis01,23,,5.5,$4500000,$4500000
228,Udonis Haslem\hasleud01,41,,0.1,$4458000,$4670160
229,Sam Hauser\hausesa01,24,,0.6,$4447896,
230,Jaxson Hayes\hayesja02,21,,5.1,$4437000,$5887899
231,Killian Hayes\hayeski01,20,,0.5,$4373160,$4591920
232,Gordon Hayward\haywago01,31,,2.8,$4347600,$4564980
233,Aaron Henry\henryaa01,22,,-0.1,$4347600,$4564980
234,Juancho Hernangómez\hernaju01,26,,0.9,$4259259,$4600000
235,Willy Hernangómez\hernawi01,27,,3.2,$4253357,$14508929
236,Tyler Herro\herroty01,22,,3.8,$4235160,$4437000
237,Buddy Hield\hieldbu01,29,,1.9,$4215120,$5808435
238,Haywood Highsmith\highsha01,25,,0.1,$4154400,$4362240
239,George Hill\hillge01,35,,2.3,$4087904,
240,Malcolm Hill\hillma01,26,,0.6,$4054695,$9615385
241,Solomon Hill\hillso01,30,,0,$4023600,$4215120
242,Nate Hinton\hintona01,22,,-0.1,$4004280,$5722116
243,Jaylen Hoard\hoardja01,22,,0.6,$4000000,$12402000
244,Aaron Holiday\holidaa01,25,,1.5,$4000000,$4000000
245,Jrue Holiday\holidjr01,31,,6.9,$4000000,$4000000
246,Justin Holiday\holidju01,32,,1.4,$4000000,
247,Richaun Holmes\holmeri01,28,,3.2,$3980551,
248,Rodney Hood\hoodro01,29,,0.7,$3946800,$4144320
249,Scotty Hopson\hopsosc01,32,,0,$3940184,
250,Al Horford\horfoal01,35,,7.6,$3938818,
251,Talen Horton-Tucker\hortota01,21,,1.1,$3902439,$4097561
252,Danuel House Jr.\houseda01,28,,1,$3822240,$4004280
253,Dwight Howard\howardw01,36,,3.5,$3804360,$5634257
254,Markus Howard\howarma02,22,,0.3,$3804150,
255,Kevin Huerter\huertke01,23,,2.8,$3768342,$9598214
256,Jay Huff\huffja01,23,,0,$3749520,$3936960
257,Elijah Hughes\hugheel01,23,,-0.4,$3731707,$3918293
258,Feron Hunt\huntfe01,22,,0,$3661976,$10700000
259,De'Andre Hunter\huntede01,24,,1.1,$4107149,$3925000
260,Chandler Hutchison\hutchch01,25,,0,$3631200,$3804360
261,Bones Hyland\hylanbo01,21,,2.4,$3562080,$3740160
262,Serge Ibaka\ibakase01,32,,2,$3500000,$3500000
263,Andre Iguodala\iguodan01,38,,1.6,$3500000,$3500000
264,Joe Ingles\inglejo01,34,,2.2,$3449400,$3613680
265,Brandon Ingram\ingrabr01,24,,3.9,$3383640,$3552960
266,Kyrie Irving\irvinky01,29,,3.3,$3333333,$3492063
267,Wes Iwundu\iwundwe01,27,,0.1,$3300000,$3465000
268,Frank Jackson\jacksfr01,23,,0.7,$3277080,$3433320
269,Isaiah Jackson\jacksis01,20,,1.4,$3277080,$3433320
270,Jaren Jackson Jr.\jacksja02,22,,5.4,$3261480,$5009633
271,Josh Jackson\jacksjo02,24,,0,$3214680,$3375480
272,Justin Jackson\jacksju01,26,,0,$12213507,$12372008
273,Reggie Jackson\jacksre01,31,,0.4,$3169347,
274,LeBron James\jamesle01,37,,7.5,$3113160,$3261480
275,DeJon Jarreau\jarrede01,24,,0,$3098400,$4765339
276,DaQuan Jeffries\jeffrda01,24,,0,$3053760,$3206640
277,Ty Jerome\jeromty01,24,,0.5,$3000000,$3000000
278,Isaiah Joe\joeis01,22,,0.4,$3000000,
279,Alize Johnson\johnsal02,25,,0.1,$3000000,$3150000
280,B.J. Johnson\johnsbj01,26,,0.1,$2957520,$3098400
281,Cameron Johnson\johnsca02,25,,5.6,$2901240,$3046200
282,David Johnson\johnsda08,20,,0,$5256308,$2866667
283,Jalen Johnson\johnsja05,20,,0,$2844429,$2844429
284,James Johnson\johnsja01,34,,1.7,$2840160,$4379527
285,Joe Johnson\johnsjo02,40,,0,$2824320,$2959080
286,Keldon Johnson\johnske04,22,,4.9,$2770560,$2909160
287,Keon Johnson\johnske07,19,,-0.5,$2726880,$4343920
288,Stanley Johnson\johnsst04,25,,1.8,$2711280,$2840160
289,Tyler Johnson\johnsty01,29,,0.1,$2659560,$2792520
290,Nikola Jokić\jokicni01,26,,15.2,$2641691,
291,Carlik Jones\jonesca03,24,,-0.1,$2641691,
292,Damian Jones\jonesda03,26,,3.3,$2641691,
293,Derrick Jones Jr.\jonesde02,24,,2.2,$2641691,
294,Herbert Jones\joneshe01,23,,4.6,$2641691,
295,Jemerrio Jones\jonesje01,26,,0.1,$11109327,$7827907
296,Kai Jones\joneska01,21,,0,$2641691,
297,Mason Jones\jonesma05,23,,0.2,$2641691,
298,Tre Jones\jonestr01,22,,2.9,$2641691,
299,Tyus Jones\jonesty01,25,,5.1,$2641691,
300,DeAndre Jordan\jordade01,33,,1.9,$2641691,
301,Cory Joseph\josepco01,30,,2.5,$2641691,
302,Georgios Kalaitzakis\kalaige01,23,,-0.1,$2641691,
303,Frank Kaminsky\kaminfr01,28,,0.9,$32405817,
304,Luke Kennard\kennalu01,25,,4.5,$2641691,
305,Braxton Key\keybr01,24,,0.2,$2641691,
306,George King\kingge03,28,,-0.1,$2641691,
307,Louis King\kinglo02,22,,0,$2617800,$4306281
308,Corey Kispert\kispeco01,22,,2.3,$2602920,$2726880
309,Maxi Kleber\klebima01,30,,3,$2553120,$2681040
310,Brandon Knight\knighbr03,30,,0.1,$2513040,$4264629
311,Nathan Knight\knighna01,24,,1,$2500000,$2625000
312,Kevin Knox\knoxke01,22,,0.2,$2498760,$2617800
313,John Konchar\konchjo01,25,,4.2,$2451120,$2573760
314,Furkan Korkmaz\korkmfu01,24,,1.2,$2412840,$4220057
315,Luke Kornet\kornelu01,26,,0.4,$2401537,
316,Vit Krejci\krejcvi01,21,,0.6,$2401537,
317,Arnoldas Kulboka\kulboar01,24,,0,$2401537,
318,Jonathan Kuminga\kuminjo01,19,,3,$2401537,
319,Kyle Kuzma\kuzmaky01,26,,2,$7310000,$5155000
320,Anthony Lamb\lamban01,24,,0,$2389641,
321,Jeremy Lamb\lambje01,29,,1.2,$2389641,
322,Jock Landale\landajo01,26,,1.5,$2389641,
323,Romeo Langford\langfro01,22,,1.3,$2389641,
324,Zach LaVine\lavinza01,26,,5.8,$2389641,
325,Jake Layman\laymaja01,27,,0.1,$5256308,$2866667
326,Damion Lee\leeda03,29,,2.7,$2389641,
327,Saben Lee\leesa01,22,,0.9,$2353320,$2471160
328,Alex Len\lenal01,28,,0.9,$2353320,$2471160
329,Caris LeVert\leverca01,27,,2.2,$2327220,$2443581
330,Kira Lewis Jr.\lewiski01,20,,-0.1,$2316240,$4171548
331,Scottie Lewis\lewissc01,21,,0,$2303040,$2412840
332,Damian Lillard\lillada01,31,,1.7,$2259240,$2372160
333,Nassir Little\littlna01,21,,1.7,$2245400,
334,Isaiah Livers\liveris01,23,,0.7,$2239544,
335,Kevon Looney\looneke01,25,,6.8,$2239544,
336,Brook Lopez\lopezbr01,33,,0.7,$2239200,$4037278
337,Robin Lopez\lopezro01,33,,0.8,$2210640,$2316240
338,Didi Louzada\louzama01,22,,0,$2197674,$2302326
339,Kevin Love\loveke01,33,,5.7,$2168760,$2277000
340,Kyle Lowry\lowryky01,35,,6.4,$2161440,$3901399
341,Gabriel Lundberg\lundbga01,27,,0,$2161152,
342,Timothé Luwawu-Cabarrot\luwawti01,26,,0.9,$2145720,$3873025
343,Trey Lyles\lylestr01,26,,3.5,$2137440,$2239200
344,Théo Maledon\maledth01,20,,0.3,$2130240,$3845083
345,Sandro Mamukelashvili\mamuksa01,22,,1.1,$2096880,$2201400
346,Terance Mann\mannte01,25,,5.5,$2089448,
347,Tre Mann\manntr01,20,,0.1,$2089448,
348,Boban Marjanović\marjabo01,33,,0.1,$2089448,
349,Lauri Markkanen\markkla01,24,,5,$2075880,$2174880
350,Naji Marshall\marshna01,24,,0.8,$2063280,$2161440
351,Caleb Martin\martica02,26,,4,$2048040,$2145720
352,Cody Martin\martico01,26,,3.9,$2036280,$2138160
353,Kelan Martin\martike03,26,,0,$2033160,$2130240
354,Kenyon Martin Jr.\martike04,21,,2.9,$2023800,$2125200
355,Garrison Mathews\mathega01,25,,2.8,$2009040,$2109360
356,Dakota Mathias\mathida01,26,,0,$2000000,$2000000
357,Wesley Matthews\matthwe02,35,,1.2,$2000000,$2000000
358,Tyrese Maxey\maxeyty01,21,,7.3,$2000000,
359,Skylar Mays\mayssk01,24,,0.3,$2000000,$1900000
360,Miles McBride\mcbrimi01,21,,0.2,$2000000,$2000000
361,Mac McClung\mccluma01,23,,0,$1994520,$2094240
362,CJ McCollum\mccolcj01,30,,3.6,$1977011,
363,T.J. McConnell\mccontj01,29,,1.3,$1958501,
364,Jaden McDaniels\mcdanja02,21,,2.4,$1939350,
365,Jalen McDaniels\mcdanja01,24,,1.7,$2541217,
366,Doug McDermott\mcderdo01,30,,1.6,$1939350,
367,JaVale McGee\mcgeeja01,34,,4.9,$1939350,
368,Cameron McGriff\mcgrica01,24,,0.1,$1910860,
369,Rodney McGruder\mcgruro01,30,,1.2,$1910860,
370,Alfonzo McKinnie\mckinal01,29,,-0.1,$1865547,
371,JaQuori McLaughlin\mclauja01,24,,0,$1846738,$1997718
372,Jordan McLaughlin\mclaujo01,25,,2.3,$1802057,
373,Ben McLemore\mclembe01,28,,0.8,$1802057,
374,De'Anthony Melton\meltode01,23,,3.7,$1789256,
375,Sam Merrill\merrisa01,25,,0,$1789256,
376,Chimezie Metu\metuch01,24,,1.5,$1789256,
377,Khris Middleton\middlkh01,30,,5.3,$1789256,$2036318
378,C.J. Miles\milescj01,34,,0,$1789256,$2036318
379,Patty Mills\millspa02,33,,2.8,$1786878,$1876222
380,Paul Millsap\millspa01,36,,0.5,$1782621,$1930681
381,Shake Milton\miltosh01,25,,1.7,$1782621,$1930681
382,Davion Mitchell\mitchda01,23,,0.1,$1782621,
383,Donovan Mitchell\mitchdo01,25,,7.2,$1782621,
384,Evan Mobley\mobleev01,20,,5.2,$76744,$1815677
385,Malik Monk\monkma01,23,,3.6,$1782621,
386,Greg Monroe\monrogr01,31,,0.7,$1782621,
387,Moses Moody\moodymo01,19,,1.3,$1782621,
388,Xavier Moon\moonxa01,27,,0.3,$1782621,$1930681
389,Matt Mooney\moonema01,24,,0,$1782621,$1930681
390,Ja Morant\moranja01,22,,6.7,$1782621,$1930681
391,Juwan Morgan\morgaju01,24,,0.1,$1782621,$1930681
392,Jaylen Morris\morrija01,26,,-0.1,$1782621,
393,Marcus Morris\morrima03,32,,2.4,$1782621,$1930681
394,Markieff Morris\morrima02,32,,0.3,$1782621,$1930681
395,Monte Morris\morrimo01,26,,5.4,$1762796,
396,Emmanuel Mudiay\mudiaem01,25,,0,$1762796,$1910860
397,Mychal Mulder\muldemy01,27,,-0.2,$1762769,
398,Ade Murkey\murkead01,24,,0,$1729217,$1878720
399,Trey Murphy III\murphtr02,21,,1.9,$1729217,$1878720
400,Dejounte Murray\murrade01,25,,7.3,$1729217,$1878720
401,Mike Muscala\muscami01,30,,2.1,$1729217,$1878720
402,Svi Mykhailiuk\mykhasv01,24,,0.8,$1729217,
403,Abdel Nader\naderab01,28,,0,$3430810,
404,Larry Nance Jr.\nancela02,29,,2.3,$1701593,
405,RJ Nembhard Jr.\nembhrj01,22,,0,$1720779,
406,Aaron Nesmith\nesmiaa01,22,,0.4,$1701593,$1846738
407,Raul Neto\netora01,29,,1.5,$3430810,
408,Malik Newman\newmama01,24,,0,$1700000,$1785000
409,Georges Niang\niangge01,28,,2.8,$1690507,
410,Daishen Nix\nixda01,19,,-0.2,$1669178,$1815677
411,Zeke Nnaji\nnajize01,21,,1.8,$1669178,$1815677
412,Nerlens Noel\noelne01,27,,1.5,$1669178,$1815677
413,Jaylen Nowell\nowelja01,22,,2.8,$1669178,$1815677
414,Frank Ntilikina\ntilila01,23,,0.9,$1669178,
415,Jusuf Nurkić\nurkiju01,27,,3.6,$1669178,
416,David Nwaba\nwabada01,29,,1.3,$1517981,$1782621
417,Jordan Nwora\nworajo01,23,,0.6,$1517981,$1782621
418,Royce O'Neale\onealro01,28,,5.5,$1517981,$1782621
419,Semi Ojeleye\ojelese01,27,,0.2,$1517981,$1782621
420,Chuma Okeke\okekech01,23,,2.2,$1517981,
421,Josh Okogie\okogijo01,23,,0.7,$1517981,
422,Onyeka Okongwu\okongon01,21,,4.2,$1517981,
423,Isaac Okoro\okorois01,21,,4.2,$1517981,
424,KZ Okpala\okpalkz01,22,,0.5,$1517981,$1782621
425,Victor Oladipo\oladivi01,29,,0.4,$1517981,$1782621
426,Cameron Oliver\oliveca01,25,,0.2,$1517981,
427,Kelly Olynyk\olynyke01,30,,1.6,$1517981,$1782621
428,Eugene Omoruyi\omorueu01,24,,0.1,$1517981,
429,Miye Oni\onimi01,24,,0,$1517981,$1782621
430,Cedi Osman\osmande01,26,,2.9,$1517981,$1782621
431,Daniel Oturu\oturuda01,22,,0.1,$1517981,$1782621
432,Kelly Oubre Jr.\oubreke01,26,,3.3,$1517981,$1782621
433,Jaysean Paige\paigeja01,27,,-0.1,$1500000,$1563518
434,Trayvon Palmer\palmetr01,27,,0,$1500000,$1563518
435,Kevin Pangos\pangoke01,29,,0.1,$1489065,$1752638
436,Jabari Parker\parkeja01,26,,0.3,$1489065,$1752638
437,Eric Paschall\pascher01,25,,2,$1625991,$1752638
438,Chris Paul\paulch01,36,,9.4,$1456666,
439,Cameron Payne\payneca01,27,,1.9,$2045094,
440,Elfrid Payton\paytoel01,27,,-0.2,$1366392,
441,Gary Payton II\paytoga02,29,,5.2,$4000000,$4000000
442,Norvel Pelle\pelleno01,28,,0,$1252127,
443,Reggie Perry\perryre01,21,,0.2,$1250000,$1563518
444,Jamorko Pickett\pickeja01,24,,0.1,$1093598,$1815677
445,Theo Pinson\pinsoth01,26,,0.4,$1090007,
446,Mason Plumlee\plumlma01,31,,4.7,$1068288,
447,Jakob Poeltl\poeltja01,26,,6.9,$1062303,$1563518
448,Aleksej Pokusevski\pokusal01,20,,0.4,$1057260,$1563518
449,Yves Pons\ponsyv01,22,,0,$1039080,
450,Jordan Poole\poolejo01,22,,6,$1000000,$1563518
451,Kevin Porter Jr.\porteke02,21,,0.8,$10720900,
452,Michael Porter Jr.\portemi01,23,,-0.2,$999200,$999200
453,Otto Porter Jr.\porteot01,28,,4.9,$958529,$2193920
454,Bobby Portis\portibo01,26,,5.5,$925258,$1563518
455,Kristaps Porziņģis\porzikr01,26,,5.6,$925258,$1563518
456,Micah Potter\pottemi01,23,,0,$925258,$1563518
457,Dwight Powell\poweldw01,30,,8.2,$925258,$1563518
458,Myles Powell\powelmy01,24,,-0.1,$925258,$1563518
459,Norman Powell\powelno01,28,,2.8,$925258,$1563518
460,Joshua Primo\primojo01,19,,0,$925258,$1563518
461,Taurean Prince\princta02,27,,2.2,$925258,$1563518
462,Payton Pritchard\pritcpa01,24,,3.1,$925258,$1563518
463,Trevelin Queen\queentr01,24,,0.1,$925258,$1563518
464,Neemias Queta\quetane01,22,,0.1,$925258,
465,Immanuel Quickley\quickim01,22,,4.2,$925258,
466,Jahmi'us Ramsey\ramseja01,20,,-0.1,$924730,
467,Julius Randle\randlju01,27,,3.1,$888616,$2351521
468,Austin Reaves\reaveau01,23,,2.9,$850331,
469,Cam Reddish\reddica01,22,,1,$785102,
470,Davon Reed\reedda01,26,,1.6,$20168742,
471,Paul Reed\reedpa01,22,,1.3,$705598,
472,Naz Reid\reidna01,22,,3.2,$705598,
473,Nick Richards\richani01,24,,1,$1290481,
474,Josh Richardson\richajo01,28,,3.5,$666666,
475,Austin Rivers\riverau01,29,,1.2,$663024,
476,Duncan Robinson\robindu01,27,,3.9,$2045094,
477,Justin Robinson\robinju01,24,,-0.3,$7622467,$333333
478,Mitchell Robinson\robinmi01,23,,8.5,$1290481,
479,Jeremiah Robinson-Earl\robinje02,21,,1.5,$606702,
480,Isaiah Roby\robyis01,23,,2.9,$2541217,
481,Rajon Rondo\rondora01,35,,0.7,$11109327,$7827907
482,Derrick Rose\rosede01,33,,1.4,$586136,
483,Terrence Ross\rosste01,30,,0.3,$558345,
484,Terry Rozier\roziete01,27,,5.9,$527614,
485,Ricky Rubio\rubiori01,31,,1.3,$10468119,
486,D'Angelo Russell\russeda01,25,,4.4,$462629,
487,Matt Ryan\ryanma01,24,,0,$4107149,$3925000
488,Domantas Sabonis\sabondo01,25,,7.1,$377645,
489,Olivier Sarr\sarrol01,22,,1,$364533,
490,Tomáš Satoranský\satorto01,30,,1,$350000,
491,Jordan Schakel\schakjo01,23,,-0.1,$313737,$1563518
492,Admiral Schofield\schofad01,24,,0.3,,
493,Dennis Schröder\schrode01,28,,2.9,$292466,$1563518
494,Tre Scott\scotttr01,25,,0,$290967,$1752638
495,Jay Scrubb\scrubja01,21,,0,$276039,
496,Wayne Selden\seldewa01,27,,0,$260561,$1563518
497,Alperen Şengün\sengual01,19,,2.1,$8558,
498,Collin Sexton\sextoco01,23,,-0.1,$231062,$1752638
499,Landry Shamet\shamela01,24,,2.6,$202068,
500,Day'Ron Sharpe\sharpda01,20,,1.2,$153488,
501,Pascal Siakam\siakapa01,27,,8.1,$1366392,
502,Chris Silva\silvach01,25,,0.3,$1290481,
503,Marko Simonovic\simonma01,22,,0,$1290481,
504,Anfernee Simons\simonan01,22,,1.9,$1290481,
505,Zavier Simpson\simpsza01,24,,-0.1,$924730,
506,Jericho Sims\simsje01,23,,1.5,$924730,
507,Deividas Sirvydis\sirvyde01,21,,-0.1,$924730,
508,Javonte Smart\smartja01,22,,-0.2,$924730,
509,Marcus Smart\smartma01,27,,5.6,$276039,
510,Dennis Smith Jr.\smithde03,24,,0.4,$276039,
511,Ish Smith\smithis01,33,,0.5,,
512,Jalen Smith\smithja04,21,,2.8,,
513,Xavier Sneed\sneedxa01,24,,0,$55208,
514,Tony Snell\snellto01,30,,0.4,$55208,
515,Jaden Springer\sprinja01,19,,0,$55208,
516,Cassius Stanley\stanlca01,22,,0.1,$55208,
517,Nik Stauskas\stausni01,28,,0.1,$276039,
518,Lance Stephenson\stephla01,31,,0.8,$924730,
519,Lamar Stevens\stevela01,24,,1.6,$1625991,$1752638
520,Isaiah Stewart\stewais01,20,,3.4,$276039,
521,Max Strus\strusma01,25,,3.6,$122741,$122741
522,Jalen Suggs\suggsja01,20,,-1.6,$888616,$2351521
523,Craig Sword\swordcr01,28,,0.1,$888616,$2351521
524,Keifer Sykes\sykeske01,28,,-0.5,$888616,$2351521
525,Jae'Sean Tate\tateja01,26,,3,$888616,$2351521
526,Jayson Tatum\tatumja01,23,,9.6,$958529,$2193920
527,Terry Taylor\taylote01,22,,2.4,$958529,$2193920
528,Garrett Temple\templga01,35,,0.8,$958529,$2193920
529,Emanuel Terry\terryem01,25,,-0.1,$2045094,
530,Tyrell Terry\terryty01,21,,0,$2045094,
531,Jon Teske\teskejo01,24,,0,$2045094,
532,Daniel Theis\theisda01,29,,1.9,$2045094,
533,Brodric Thomas\thomabr01,25,,0.1,,
534,Cam Thomas\thomaca02,20,,0.8,$586136,
535,Isaiah Thomas\thomais02,32,,0.2,$586136,
536,Matt Thomas\thomama02,27,,0.6,$606702,
537,Klay Thompson\thompkl01,31,,1.8,$606702,
538,Tristan Thompson\thomptr01,30,,1.6,$1090007,
539,JT Thor\thorjt01,19,,0.3,$1090007,
540,Matisse Thybulle\thybuma01,24,,3.7,$1068288,
541,Killian Tillie\tilliki02,23,,0.6,$100000,$1752638
542,Xavier Tillman Sr.\tillmxa01,23,,1.8,$1762796,
543,Isaiah Todd\toddis01,20,,-0.2,$1762796,
544,Obi Toppin\toppiob01,23,,3.9,$1762796,
545,Juan Toscano-Anderson\toscaju01,28,,2,$1762796,
546,Karl-Anthony Towns\townska01,26,,10.3,$1762796,
547,Gary Trent Jr.\trentga02,23,,5.6,$705598,
548,P.J. Tucker\tuckepj01,36,,5,$705598,
549,Rayjon Tucker\tuckera01,24,,0.4,$29814,$1878720
550,Myles Turner\turnemy01,25,,3.1,$29814,$1878720
551,Jonas Valančiūnas\valanjo01,29,,7.3,,
552,Denzel Valentine\valende01,28,,0.2,$705598,
553,Jarred Vanderbilt\vandeja01,22,,6,$705598,
554,Fred VanVleet\vanvlfr01,27,,6.7,$29814,$1878720
555,Devin Vassell\vassede01,21,,3.3,,
556,Gabe Vincent\vincega01,25,,2.5,$29814,$1878720
557,Nikola Vučević\vucevni01,31,,4.5,,
558,Dean Wade\wadede01,25,,2.3,,
559,Franz Wagner\wagnefr01,20,,4,,
560,Moritz Wagner\wagnemo01,24,,2.8,$1720779,
561,Ish Wainright\wainris01,27,,0.6,$1720779,
562,Kemba Walker\walkeke02,31,,1.8,,
563,Lonnie Walker IV\walkelo01,23,,1.2,,
564,M.J. Walker\walkemj01,23,,0,$19186,$1815677
565,Tyrone Wallace\wallaty01,27,,-0.1,$19186,$1815677
566,Derrick Walton\waltode01,26,,-0.2,,
567,Brad Wanamaker\wanambr01,32,,0,$850331,
568,Duane Washington Jr.\washidu02,21,,0,,
569,P.J. Washington\washipj01,23,,3.4,$28779,$1815677
570,Yuta Watanabe\watanyu01,27,,0.7,,
571,Lindy Waters III\waterli01,24,,0.8,$28779,$1815677
572,Tremont Waters\watertr01,24,,0,,
573,Trendon Watford\watfotr01,21,,1.9,,
574,Paul Watson\watsopa01,27,,0,$92857,$92857
575,Quinndary Weatherspoon\weathqu01,25,,0.2,$290967,$1752638
576,Russell Westbrook\westbru01,33,,1.7,$290967,$1752638
577,Coby White\whiteco01,21,,2.4,$290967,$1752638
578,Derrick White\whitede01,27,,5.1,$231062,$1752638
579,Hassan Whiteside\whiteha01,32,,5.8,$231062,$1752638
580,Joe Wieskamp\wieskjo01,22,,0.1,$1625991,$1752638
581,Aaron Wiggins\wiggiaa01,23,,1.2,$1625991,$1752638
582,Andrew Wiggins\wiggian01,26,,5.1,$100000,$1752638
583,Lindell Wigginton\wiggili01,23,,0.2,,
584,Brandon Williams\willibr03,22,,-0.5,,
585,Grant Williams\willigr01,23,,5.1,$1517981,$1782621
586,Kenrich Williams\willike04,27,,1.8,,
587,Lou Williams\willilo02,35,,0.6,,
588,Patrick Williams\willipa01,20,,0.9,$76744,$1815677
589,Robert Williams\williro04,24,,9.9,$58493,
590,Ziaire Williams\willizi02,20,,2.2,$55208,
591,D.J. Wilson\wilsodj01,25,,0.4,,
592,Dylan Windler\windldy01,25,,0.8,,
593,Justise Winslow\winslju01,25,,0.8,,
594,Cassius Winston\winstca01,23,,0,,
595,Christian Wood\woodch01,26,,4.9,,
596,Robert Woodard II\woodaro01,22,,-0.1,,
597,Delon Wright\wrighde01,29,,3.6,,
598,McKinley Wright IV\wrighmc01,23,,0,,
599,Moses Wright\wrighmo01,23,,0.1,$462629,
600,Gabe York\yorkga01,28,,0,,
601,Thaddeus Young\youngth01,33,,2.2,,
602,Trae Young\youngtr01,23,,10,,
603,Omer Yurtseven\yurtsom01,23,,2.1,,
604,Cody Zeller\zelleco01,29,,1.1,,
605,Ivica Zubac\zubaciv01,24,,7.2,,